scale_variance,scale_extreme_ratio,text_empty_ratio,text_avg_length,nb_questions,kpi_score,unique_ratio,label
0.06003307988269297,0.8857054989597226,0.7878309384877074,1.5683487088056403,6.0,92.68310762906096,0.064856250487737,1
1.5592854280353456,0.1456963733803863,0.004317522505688454,80.82574742213744,12.0,80.53232807513427,0.9872184392872814,0
1.1565506519961257,0.43706328224545327,0.3410849340197067,33.07234963270325,9.0,46.12383400288461,0.4200964942866475,0
1.9517765995242524,0.22312496216952316,0.06050766035799805,44.54269873191069,7.0,41.32201164475384,0.8028286854556054,0
0.9229672754622275,0.44900764033654594,0.2982236824334562,12.549552317991449,8.0,25.94223739681709,0.4515675386131073,0
0.8714716901680335,0.4267448780486353,0.3616368034503441,46.87928520432255,9.0,26.250404654460006,0.5417500264841258,0
1.0375374348496278,0.49150404352853705,0.1488609750251872,31.220202888478262,8.0,44.56555202583739,0.6505484487351489,0
0.8881081361310348,0.2199948144666188,0.36596486884843604,6.51513095572552,5.0,41.46703142177529,0.5561114742563076,0
1.5774868755215983,0.12118503552954554,0.08014818108594153,120.55397950665605,12.0,84.72930950230756,0.7643079850383151,0
1.0363386363873428,0.315178323869731,0.2046352174762723,49.49155528961969,7.0,38.17673711948265,0.5256802496251967,0
2.4867949275607915,0.0837216601580759,0.07743214161418432,194.10934026246076,13.0,86.44282915765375,0.9406330367676631,0
1.482644752336658,0.5387264360360424,0.2763260144276638,15.117033543501499,8.0,44.200461034944006,0.6797242190935997,0
1.128909618902739,0.5738739251646523,0.22522847304081756,44.12099888110504,7.0,15.736535816006,0.47182835132575945,0
1.5786941973150044,0.2945901176945541,0.15382035343469785,45.51180371808667,5.0,43.265193042095476,0.6437163436606113,0
2.5775258447597325,0.1172352590541944,0.03224633185817777,198.53652251108795,9.0,75.5632623185106,0.9160862171085635,0
2.7846144459836086,0.015548933385008424,0.0765024405178043,132.3031292844351,13.0,62.58178274644149,0.9222253631132431,0
1.7305093432072092,0.1504220033201134,0.2328428267833279,85.41895792716002,7.0,38.46983073152016,0.8348718311960979,0
2.0942497500888733,0.13552415271995882,0.0725769634715434,176.37942520429576,9.0,89.41959765975281,0.8548180969752013,0
1.6165366354721762,0.4174972723709065,0.34269298491391964,9.267477630268912,4.0,39.064431124423635,0.6183943450225847,0
0.08668898364640218,0.936683922283199,0.7208739304221458,3.215846847452143,8.0,88.63932679588974,0.040912478081179586,1
1.1841257190638563,0.1562691314436477,0.167900694791287,88.15146522431957,8.0,47.12994472591383,0.5962730866285214,0
1.4931405126982638,0.40433378541037246,0.2927504676492318,15.651401381740651,7.0,35.216514749765714,0.5049441199640013,0
0.26999280307937323,0.782299154998417,0.8789377217772856,1.7799820429328683,6.0,81.76951555761286,0.1549510116657097,1
1.1601758143197007,0.3592189231900848,0.12985380143896777,17.745048059893982,8.0,48.66850150247649,0.6887035605252136,0
0.14332186289966825,0.9306368721574946,0.9769731391619457,0.0,6.0,96.50201479612147,0.04474896913211374,1
2.432846660062869,0.17162506092496466,0.0004500124939659123,167.48698815977946,13.0,78.70505897775391,0.7574018222821532,0
0.6453503050084376,0.4352619819300687,0.370062660037054,23.45002457727691,9.0,37.13779736537764,0.5535106517120982,0
0.5746296311693118,0.5403228397823527,0.11306716349545542,9.178940500386194,8.0,22.745195138822815,0.5781156121019592,0
1.873147123376891,0.16920082184776175,0.21460835654581895,31.59728113932897,11.0,43.69327208633392,0.5688289833791809,0
1.893690773884297,0.18736263010675586,0.024097057500568477,100.86884850995263,10.0,84.08894352437171,0.7883210791561235,0
1.6751254926324672,0.17741300750679606,0.18503548808325732,94.24176514522124,7.0,59.680916406422426,0.5719737958502654,0
1.456888600316192,0.3571559180962208,0.16411321127178669,26.691482424924345,8.0,20.484795969996284,0.4287638613103257,0
1.9216198734408922,0.21880184463157315,0.20957175597813588,63.62047911795795,9.0,52.254384114860294,0.7959180313434199,0
0.9399248546822199,0.310194524735108,0.18229405480946548,29.584705177006885,10.0,68.32980155205297,0.5581942351213756,0
1.486711979031281,0.5939320605137157,0.218045540301243,28.27355326593367,7.0,33.27618995971061,0.579910479714482,0
2.3846849757837885,0.13680002071221123,0.05881463481140702,142.08139951358143,10.0,75.80030498048372,0.8019092930234799,0
1.3511229654116483,0.49062898618309214,0.4316342191997432,5.485854866941908,5.0,65.25041383162642,0.5252594422371691,0
0.8858527623441316,0.5920062217722108,0.3039558348383429,26.034023836662943,7.0,38.41767943995127,0.5304860389871203,0
0.5538463604448077,0.3003869833368966,0.28490237136152485,11.09169954028797,9.0,15.192541091392957,0.6154448909495939,0
1.9112015905329125,0.05094567002349348,0.013503809605623607,240.4457225776309,11.0,62.864131609105584,0.9616677626270609,0
2.5396431403945523,0.034588787288415614,0.05072927015820433,248.6016609078808,9.0,55.58029306641449,0.9982711454826266,0
0.017234495446905224,0.6000437172880178,0.5901280492411163,3.43771224588206,6.0,96.78300477943458,0.1300607260802691,1
2.4633786278519905,0.1380803909031003,0.0982987171535907,150.01338485116554,10.0,69.11740411371949,0.9808367419314531,0
1.0138482277765586,0.10503611787415057,0.0893619021662979,74.95746651756792,5.0,60.18341665890383,0.8307050918194128,0
0.9657772929271857,0.3150170417067176,0.2001573341259894,32.62859562427174,4.0,64.12353003430863,0.6386596431487465,0
1.514764901612288,0.20416735274063708,0.14093349488985407,86.43091308105419,7.0,38.090641210146146,0.5926558039045082,0
1.7075530660441407,0.22424489011503196,0.1698056532222444,26.98593259787226,8.0,72.70037053279226,0.6457521915301989,0
0.9051474936878445,0.3488815447654855,0.298587141736758,59.874986912763454,9.0,69.64234860735344,0.623070566741667,0
1.7752998433204785,0.19600543591083852,0.04585606424584898,213.29376121803935,9.0,75.0344602485523,0.7862825636662625,0
1.5480945588994066,0.21917125057704503,0.3302278349495468,28.407207938566483,7.0,38.72459710120396,0.5688165608035001,0
1.1356211942808363,0.267438011975501,0.36087933522291227,18.514179585810925,5.0,78.82442853545146,0.45464764283643844,0
2.9467783292088026,0.05291952106923166,0.04299570499000478,153.52765085120222,13.0,63.856216247538924,0.9439477716092726,0
1.537707634256613,0.19833841641470548,0.3542128784663348,25.660012503480658,4.0,54.81720450181786,0.5118460760718064,0
2.4513516509500923,0.08580522427148254,0.04310763576379383,86.10281062125101,9.0,89.77400488753966,0.9896768814929835,0
0.9604166282620803,0.3402930977241706,0.07619942228584879,64.67579500551757,9.0,45.90274363339121,0.6292421990744365,0
0.6168644255041035,0.39235953719244954,0.286704602508122,15.542133096450872,3.0,46.745084529194976,0.6035489402635565,0
1.4395749876022443,0.3518960424148448,0.2619492590081884,12.285805935934635,4.0,17.27842141661843,0.4793639584052281,0
0.8909937164430423,0.40059288828138817,0.20714761283776945,29.79201508425178,4.0,76.83698249425933,0.5633280123977895,0
1.3507339014963047,0.30714146335090153,0.39204141564972617,28.88601301686228,6.0,28.091612146987767,0.5105869461600447,0
2.7532952971666376,0.01778574861005653,0.002375650645718652,89.5690982069385,13.0,84.87705606013569,0.8086758722629739,0
1.2660995861764417,0.20070726460802785,0.43883357106366583,8.598668939350471,5.0,33.67916614759629,0.6639368394550837,0
1.2507271665544428,0.3187558296934885,0.09085732203420914,52.846036563147024,9.0,64.6995716422249,0.595195827229874,0
1.5306490822369367,0.3314791278388972,0.5349001346950034,32.75992576396989,3.0,53.671852695389255,0.4980823230333967,0
1.4558889074913277,0.5427138865291465,0.39361273175774814,41.38653848984298,5.0,22.28598294566177,0.5897747132185726,0
0.19405849865129038,0.7208536921293688,0.8062488146910264,2.549313076407489,11.0,96.19868618988149,0.2086649910324661,1
0.8830989149935413,0.46777949233999605,0.4672909374532357,18.7198939831801,7.0,77.77115169759296,0.46583501423593254,0
0.9497744417972779,0.3608675384418049,0.40731024544030103,37.01793359727604,9.0,26.943358162914627,0.5583460968421421,0
1.1460809172618123,0.330308620454941,0.4779540813399702,11.734132579476917,6.0,65.53848704270165,0.7048658346774548,0
1.5537641271272449,0.19195490446584407,0.01030026841301588,86.98344586182398,14.0,63.61233140267285,0.7663826084795956,0
1.7589473885298381,0.4985190789059607,0.5233315260224582,31.12287216218928,7.0,43.94401122288651,0.7399945087889293,0
0.9391275732026148,0.33994109313944165,0.38430851732564353,12.421726367354111,6.0,47.3940599939909,0.7326544364358136,0
2.938644095056666,0.08042761498071078,0.005094408900302228,236.96145734383936,13.0,85.9283198550369,0.8805353618022504,0
1.4106726085899606,0.2714740333611626,0.2756834047560052,14.650637265780041,6.0,63.19786225537213,0.6530622701018431,0
0.8709359201216654,0.5127686958231595,0.2427197557321342,13.859386584220669,4.0,23.168009455048214,0.49842346612222593,0
1.618987143202482,0.154178078103308,0.08014436025399675,59.920638250519985,9.0,50.49571719057415,0.8323520827975557,0
2.5703799148611264,0.198561591454089,0.03415382622016229,107.68561371125942,8.0,73.66374334410979,0.7944781220740361,0
1.7096794150799015,0.225027067416547,0.5248554583930868,5.940231243795665,4.0,68.46016407665383,0.7259004392134696,0
1.5217610422093752,0.2916753968580715,0.06344367739213887,62.961111673044634,11.0,59.90518696323175,0.6420501519618521,0
2.0388065959016064,0.0021869442221327472,0.05951893521254259,248.51158678380472,14.0,61.63219470155255,0.7809814731883787,0
1.4346496221811047,0.25000931093208645,0.3645165839950665,10.451114000756514,4.0,42.32902640398632,0.4769550129277246,0
2.424463454891299,0.00847011031603342,0.08841457113668172,200.6283084671055,14.0,61.05947462478761,0.7729302514560495,0
0.822500704083535,0.22530829738156904,0.26568170331573365,49.44932840617186,6.0,40.12649082582842,0.8446692488696913,0
1.468924900003274,0.20111106863798095,0.5131707142474808,8.027450931213663,7.0,73.17455668812174,0.5993428283208697,0
1.6327507393867737,0.27582165695481425,0.33064359616724637,13.930831708276543,4.0,46.3065071312502,0.7082002398866357,0
1.2731026937995624,0.2132839182709891,0.49646805000841093,29.839182994603526,7.0,47.48427326751337,0.6791552089234392,0
0.6762383214819387,0.2285857862760306,0.4886573189939853,29.29064923424679,4.0,46.304994479435685,0.6084144086250628,0
0.9224136861147064,0.3586172131953347,0.42964809470445886,11.08116120338244,3.0,39.99817764597934,0.5289031939768243,0
1.5757124456699385,0.14667302957031633,0.28442635813399486,47.63450049704451,9.0,63.4465119277663,0.7469346154198546,0
2.2223873838090653,0.1843369968475141,0.049350658043634116,159.61449089803625,13.0,88.67699959871457,0.8626441159002204,0
1.7768138189560134,0.3426084215325461,0.42594490354115666,25.327264157485214,6.0,71.51941788377525,0.5804942034321147,0
0.6126082279078162,0.3026184173883336,0.5299938874847678,21.279090655484264,4.0,45.618490234979404,0.47217378895857115,0
0.7646140025877655,0.4274213655363046,0.22749494910223786,20.016384263856043,5.0,62.25409132835971,0.6965066572125683,0
2.2833763409735583,0.042865280570997324,0.01396236541791207,112.04063151209124,11.0,58.388355225674,0.9868299489324011,0
2.4156061637614608,0.1553296871777432,0.08105197156597976,200.98998955629594,8.0,58.59791936506623,0.8687556110010901,0
0.0627352612463117,0.954652574246146,0.8584746532937418,1.6707241522626437,8.0,89.51259610858696,0.09842479213806006,1
1.5796678985657,0.4281827321144561,0.43365251033553076,34.49803920116196,7.0,52.07816140232402,0.6724617914287232,0
1.678782106601378,0.29324925654785683,0.06679069098942507,37.89020231735137,6.0,50.37226636415831,0.8104464479587203,0
0.740942673894178,0.529176152044389,0.34845493905301095,21.902930082863953,8.0,36.895404108845355,0.4585862438419412,0
0.9503322095417188,0.308423931064874,0.385851901169063,12.502440719216033,7.0,64.67211090489381,0.47551784390123253,0
0.059795799767293045,0.7795035195742118,0.6145846137438103,1.5183032335434468,7.0,85.64719777603725,0.09610921124839543,1
1.3162718316152042,0.26026609077880064,0.18651306151885844,30.646282470871544,7.0,47.354510196610434,0.5543304408337066,0
1.2467304458807167,0.44161168381597327,0.3533299179595252,29.4383779009726,6.0,39.95051026884532,0.4674904743387176,0
2.078121347162132,0.1671725942538586,0.007513940793219632,205.77128598654576,12.0,89.59565948411755,0.9616495540719542,0
0.7389227127923239,0.4220461360350152,0.38473385900209967,26.60122754855232,8.0,27.89874136675209,0.5502163217124044,0
1.853995893930829,0.1526310979639801,0.09300033473547174,164.6484149741109,11.0,77.50494481692914,0.9667930691516765,0
0.9249716152364305,0.14957450299998837,0.2565614052998655,99.75675048582251,8.0,38.93357067489559,0.5800987953535146,0
1.4130525791243949,0.18876501769875614,0.2100937524794163,65.96046200507226,10.0,50.70901655649718,0.643997623328344,0
2.8760933838992133,0.1701994240104329,0.0848380754061081,118.7023949558664,11.0,85.35982388189043,0.8264500571846418,0
1.42626458462076,0.14924495632974688,0.06909045086815231,40.17314641315736,6.0,37.19096429561744,0.5918192149362966,0
1.0739560501485268,0.24804423622044516,0.0886111608713465,47.768698869579026,7.0,56.76392365929243,0.81576660854326,0
1.0452388324990363,0.2815571742462664,0.09924161398986926,46.84474500357561,7.0,55.261791132920216,0.6960129802430485,0
0.6588590244893416,0.43901940546764573,0.5490540467707105,28.25209334269752,4.0,69.08382456036665,0.5670941011699653,0
0.9758300593494579,0.5459245469993516,0.23716838683322394,22.637238501022367,5.0,35.40460190574939,0.5394059253083443,0
1.4052817190170508,0.38724436423723146,0.3799103059598394,11.85342336453671,4.0,37.072871047708816,0.5961048434743293,0
1.5572337736796544,0.13843381987221048,0.14094924554115917,79.3270071132101,9.0,60.26673542319743,0.6063582176012566,0
2.007458286904446,0.16314612711021137,0.0383342793410508,211.32598702381028,13.0,58.878726939454644,0.902164938156696,0
1.003750567133097,0.46360093773765,0.357405867522416,35.27836118869365,5.0,27.543885700703054,0.40171927021393644,0
0.6842870622348902,0.5539618793770116,0.3026653838487424,24.928048872151386,9.0,23.743863577813627,0.5310534097568903,0
1.7996923959871989,0.05846230868599833,0.09720701771308858,200.39136274904996,12.0,65.76699698984456,0.8247812860416306,0
1.1932448918519922,0.2542022113374514,0.548691260624785,11.925269441348707,3.0,75.64298007446283,0.725389989548975,0
1.5663553738683627,0.278118471862363,0.40292422715669945,15.544172568466553,7.0,69.21779230868697,0.5015493417275508,0
0.5982845701422471,0.5931019104047976,0.10516160641546508,33.06719759304398,5.0,26.61629489478162,0.5795709376891474,0
0.630670508978656,0.5651740436723949,0.3466789283997157,37.087248902512,6.0,28.10053139998653,0.5031724586394763,0
1.6415249685312292,0.2976622016501237,0.19755331858615616,35.98271309177346,10.0,49.192076765503955,0.5538980046015389,0
2.5391573538824947,0.005008040601036723,0.026238847273362453,158.83235375942076,12.0,56.084817596839706,0.9044173651384098,0
1.4465305318224004,0.15044581118781167,0.20814781851878855,25.70900610405123,7.0,71.9735474606133,0.5019046228458787,0
1.9377772214178008,0.12288995859264223,0.13154066050089153,42.60041990961956,7.0,64.69330619415786,0.692272774427616,0
0.8637934060816732,0.1200048563816524,0.27772323743247707,80.84844731511505,7.0,53.7995972933421,0.6739877496858413,0
1.4090002020927455,0.33613169814345245,0.10979529572311514,22.610406674950283,9.0,34.79024945895708,0.5054327843598598,0
2.540789001313502,0.16953329359959465,0.02375356720522589,105.60210103733486,11.0,56.65376185997698,0.9405628370758778,0
0.026114117745553323,0.9323547241936563,0.9345098392746358,0.0,7.0,99.51414622645174,0.06692339614406531,1
0.0399102970003269,0.9159108371965271,0.9666439943511014,1.3299954289378313,6.0,92.56808517560579,0.057370692798992845,1
0.8884349985660082,0.10268842940000639,0.08074269315801315,36.70062608706323,5.0,51.99926808885124,0.6324795075911145,0
1.5154872914575197,0.1660084255689035,0.09696463704817025,28.032394854475278,7.0,49.57446305902445,0.8136906617159372,0
1.893183007397365,0.20118581216781678,0.16218287985406482,53.13352398066776,9.0,46.71387357018835,0.5868020408835952,0
1.155289615264387,0.4841837589415351,0.41035712825815884,10.458692023398145,6.0,44.318782920265306,0.6033593092915303,0
0.1576798364759986,0.7554867984591876,0.6195009747044653,5.140852007334693,9.0,95.60853403687231,0.2020172538798156,1
0.16143856117527705,0.9939878769285083,0.905601977597452,0.0,3.0,98.1692783955572,0.054089860983697044,1
1.3331436495978066,0.43167635587639464,0.5102702136314528,18.461485528377402,4.0,48.48778412829458,0.5260354836032664,0
1.6759103554342998,0.36780119687984236,0.38297696596631,21.08835751645005,7.0,54.97347509727214,0.637130870297976,0
0.7306725409892578,0.33341492685578644,0.4321218057039755,12.711881974525575,5.0,23.997451681653686,0.45479019789983716,0
1.7258974308645052,0.017680458140134882,0.06741951924448163,137.75511111733516,10.0,71.63569662592614,0.9384426699109889,0
1.1201049984244138,0.41613553880380805,0.2147344742461944,14.386740099676427,3.0,46.48225539376912,0.4735605841328848,0
1.8924948077979507,0.23701490246065815,0.1891388789302364,29.31670269579659,8.0,52.1660715951665,0.7627130890703312,0
1.393122438320577,0.45556322522623116,0.4133639806322468,11.38051199858327,4.0,32.23069858475329,0.4766435646042024,0
1.2040049691168468,0.2697685525298984,0.23913674085047681,49.60756068926497,11.0,62.675186386677964,0.7177726686102854,0
0.9797993992307672,0.14668868892785084,0.18268910048401737,88.46361470087407,9.0,36.219236364985974,0.689550440751053,0
0.8990944997721633,0.5785810914668497,0.230863096539302,25.355786332874096,8.0,36.83863930692625,0.6405024411447646,0
1.9088797461238376,0.02214485172011087,0.09560466595226291,106.25192496376421,12.0,61.91834437891238,0.8228323633896164,0
1.8813952256312358,0.18375873618053618,0.04544574302986579,182.58215723666467,14.0,67.65376275237197,0.9532898364550282,0
0.9158083253806132,0.4982697185646138,0.3857372550292264,30.895476272313143,5.0,75.55285820105044,0.605540613834427,0
1.1985471139217116,0.5942942823047442,0.24866519273220652,24.47261856859643,7.0,29.983971532776486,0.5276631904149165,0
1.0068406718770968,0.3324420625337683,0.06075081268501277,67.38610845219154,6.0,56.93055367333061,0.625182662320918,0
1.2764044634518033,0.34271637749648104,0.29286215461394605,25.75375340662208,5.0,37.89244541704176,0.6805606274187187,0
1.927683600622783,0.06700937550102695,0.08456994006469722,168.41222508445298,8.0,84.49561890822652,0.8615973730359274,0
2.41311169334737,0.11619787474961014,0.04091399776247972,182.30170849751045,14.0,87.73834793482732,0.8669100641566492,0
0.9560299940214836,0.2253022833846161,0.10501208011915196,95.16631425544898,10.0,40.72786950972486,0.6239427559250281,0
1.2759169989924721,0.2314213919960352,0.3736016693335204,15.061438154889458,7.0,68.97359923134738,0.48174476574241676,0
1.0658701992631163,0.1811926571586202,0.05582276500117332,36.51412606983992,5.0,57.49317977670975,0.7459270198912549,0
0.7584382593469554,0.39563983283456833,0.5473111717597366,28.337655224954283,5.0,61.156136979711775,0.5384870431992759,0
1.6298649765289022,0.338050181352228,0.1284716640783089,61.461873190121565,9.0,44.71115941843282,0.7125546460335,0
1.387315879110096,0.2963610055835426,0.051522569918781694,94.9354038502056,5.0,73.02595516595743,0.7952168612249457,0
2.2143859628800886,0.19894034978700498,0.0674597476979024,218.48853533004007,13.0,86.58938892267312,0.9468974590573348,0
0.5366349418035449,0.49016414089088167,0.41716347801183984,49.02015540585477,4.0,48.2473034957833,0.4226978387875202,0
0.06011825398233486,0.870399281199635,0.688970607116915,3.6803105395113254,10.0,94.94001244807205,0.1376707578158978,1
1.6614780339854245,0.276205641506729,0.3068035258005077,9.124600502567064,7.0,61.3765929411636,0.45953507464302096,0
0.6653040344517227,0.43901172700370383,0.4590941267181875,22.752853714754597,7.0,67.85661766350913,0.6719573409806538,0
0.9491261235369293,0.595408180458366,0.2710405029784393,8.37060488378842,8.0,49.245919066747646,0.6967202540232197,0
2.107491092243726,0.1617939205013498,0.09744171231088467,93.72499760046566,10.0,77.80843137772479,0.9678522716853035,0
1.7456671245610291,0.4547153880114495,0.28161772755352726,27.099518471008803,6.0,35.20453749796055,0.4580227457232098,0
1.2186584277451218,0.3257612393971084,0.15538756332902132,13.574540184891273,4.0,46.97399269235463,0.639223680879091,0
1.1084240187781493,0.2938083130483037,0.1836791793556775,26.047953956384692,5.0,35.089408189895885,0.7031981895219691,0
0.042052249363097476,0.7714062714030292,0.6993047562021906,3.58204271967358,10.0,87.06716037422635,0.09814164448734532,1
1.117663763780461,0.3331666337452679,0.35338206701613945,30.647885404217497,7.0,34.14160464821513,0.7476598623517943,0
2.0979672312801227,0.09437614248589787,0.05819991287564141,165.16714587540207,11.0,71.52505578572261,0.9544588274895202,0
0.722363102940453,0.52356280857007,0.191101608397167,14.819544361544406,5.0,40.52421477076564,0.5928430762866153,0
0.8618954532853677,0.3332688103696111,0.15340078507322158,83.79449018133747,11.0,72.49441286315138,0.6371411003286692,0
1.2244737902030391,0.4702016000536374,0.24051893720311113,37.150790026704854,4.0,44.98076500540731,0.6336231141586219,0
1.247617720493281,0.14332718997397903,0.19601208885125793,56.542600752798435,10.0,37.79354369974013,0.608583154061977,0
1.4656799926504283,0.2824415364146175,0.5293794439105544,28.68975361290681,5.0,70.92744410168623,0.6818572267315977,0
1.1673440238039472,0.4112213639055214,0.439617666982823,45.57762257817476,5.0,16.088188268784506,0.492491442023523,0
1.5372839012771842,0.30636720831640485,0.1626349513779149,37.35296053681482,8.0,46.52328291742563,0.7029966788535593,0
0.8847177792008967,0.16648130531401156,0.3586743589110599,28.616149921888166,3.0,69.22193605965921,0.6464405045888867,0
1.346614206190515,0.46217987144002226,0.18366390975297464,37.94095398002213,4.0,21.189710383747055,0.5237289668854631,0
1.4112678603391908,0.15036414056183606,0.07573476176184994,86.64028471740252,6.0,54.17218730871143,0.5686417552401632,0
1.0341718029631837,0.1662553264514049,0.11823343168744975,58.539922369265135,9.0,45.85096290831965,0.7445536895215414,0
0.33710717634350296,0.7700021964688255,0.6726953156776716,5.800009708876449,8.0,98.04007819524733,0.10066201520844596,1
1.7872246258699311,0.45414720326172775,0.45821421375737564,9.114336171665997,6.0,31.511235559238333,0.502623751259128,0
0.8966739474634016,0.5215437796818683,0.25412431742308456,11.858421849244735,4.0,32.76907229075174,0.537352658048013,0
1.2101524378859927,0.34823061138077815,0.38494590626796965,29.432065305407225,4.0,44.695983734028815,0.4261856169542634,0
1.2636487235175968,0.19897816976017557,0.12622783632122903,63.90262962209625,11.0,61.41844581241828,0.6791506930328712,0
2.3679139452187865,0.028205459990002926,0.09723462479335981,233.4917568971482,12.0,66.62570666962081,0.792283676845714,0
1.336119534708821,0.4392268913071542,0.44054128530856107,34.9756929746807,8.0,23.611994317038892,0.5466892222899948,0
2.0563684823125037,0.08501635350282624,0.08121229611870592,165.979593506266,12.0,80.78005825905066,0.864927366113398,0
2.923286890073011,0.18326960390763558,0.04809104283000786,135.82140485079708,10.0,73.7402176440501,0.9621401221934062,0
1.6948100007923599,0.121120223919268,0.24360445861219576,69.24889166822601,8.0,38.18022252369481,0.7752509000309388,0
0.8568276726579737,0.32018815431934666,0.24097828235553873,18.94473776822014,5.0,26.372550392392412,0.44888717373619136,0
1.604437404594814,0.1373178585603091,0.2823593566694248,52.28850857691123,11.0,39.04797783707099,0.6024052014761925,0
1.2769689004287779,0.202913923782434,0.0969289806124397,81.7230335853215,9.0,47.85602720569907,0.7266961871705848,0
0.7587526706939959,0.48503926696092625,0.42953438839070435,29.27724450720152,6.0,64.84852645251209,0.6988420995576867,0
0.03318194877247815,0.9418792241134784,0.8555797223122706,3.36847843860175,4.0,94.65933256853783,0.11555611635946628,1
1.820340422186461,0.3151919237386511,0.13556726857200568,74.42530494777415,5.0,41.16763528758526,0.7085987255689331,0
2.328277392838995,0.10015322981605566,0.06861629156151504,190.9567449277734,13.0,89.72147019348192,0.999855477306047,0
1.9329381385958337,0.11164028793219657,0.24001794538588506,80.28638100378983,10.0,48.914826468842726,0.6356526975071248,0
2.071961307684652,0.17514769719264156,0.09869445812038946,228.72464429687776,9.0,83.6880376837307,0.7580373487751403,0
1.8611296068214043,0.07216211228350307,0.017635557641780132,159.4723717028572,13.0,68.72210078454052,0.810231779103578,0
0.6908232185955085,0.37130912626247575,0.24214403755778027,24.633431492996888,4.0,65.90515277188356,0.4656576607430804,0
1.2761958287599253,0.5081164716279516,0.14751973880121189,33.5453196940973,8.0,42.19068388958364,0.6596549818973403,0
1.247091262935773,0.48083537013059485,0.33331166852741867,39.074704002983246,8.0,41.24059609312101,0.6657235447884459,0
2.7394378862915367,0.17923215436795337,0.014024908899861077,174.1861444016384,11.0,58.800150939740526,0.918060023259953,0
1.6146886173938366,0.36833012649891517,0.41842208543423454,8.7179523965905,7.0,44.00132054352365,0.6057759989358603,0
2.4985271041598054,0.1300250031117594,0.009044072698413275,232.4956778124263,13.0,56.01498261215643,0.8102070145102868,0
2.341166061843018,0.1011005638714134,0.06366702799163061,149.4149138476081,9.0,81.22109550604365,0.8333874816195889,0
2.8417672465781716,0.12925815264571183,0.017196035193702285,231.3448735100152,8.0,71.66321148375312,0.9838854859606638,0
1.6689286865810455,0.1061208603669026,0.2259341549109421,99.26092105418223,6.0,44.70501474102491,0.6322715716676016,0
1.3505944004268733,0.3783018098646162,0.261581690480644,25.075220039973868,7.0,54.47051306189028,0.5521097048962635,0
0.514213029574642,0.364827161501158,0.3584116279333399,43.928214964754154,4.0,46.43825404194013,0.516974209793063,0
2.6347545715909657,0.09432803812487574,0.0486045249560873,154.1431918503479,8.0,73.25999749650441,0.8577877392852787,0
2.564337605922331,0.09368106392313467,0.08924843372096598,119.0911630291675,10.0,77.49813175167536,0.9929985856754426,0
1.4902236670893014,0.3133809801964205,0.40063891536653473,11.253008265672404,6.0,33.5148925891076,0.5356359377282037,0
0.8882586950124512,0.41782556796636094,0.13362699626023525,19.17879637128849,6.0,30.114680039714408,0.563510423722933,0
1.6920789158216805,0.06421712528237099,0.019320832244513055,97.55819144819843,13.0,75.62659081446166,0.8396681978819778,0
0.8700972554655425,0.2975074422909789,0.17813822813527636,50.27399641501007,7.0,61.4819841852625,0.7391939577850961,0
1.3403413780135582,0.46087066050662895,0.3879771469218726,31.031323379960043,7.0,17.77268428755841,0.6871657447628019,0
0.6097673924687314,0.37115018569315406,0.31283577889490627,28.186068840434057,5.0,39.41826930678495,0.6648616955931538,0
0.02471111060450063,0.9337134673349138,0.6017296350286611,3.7102371236774996,7.0,93.95525462069477,0.0851887725774409,1
2.338011444712584,0.05650688025734221,0.05967263504319288,153.8827098657641,12.0,87.31593968085892,0.821952253740342,0
2.1020333363300816,0.17912697627673937,0.06716128088558587,120.40192177130155,10.0,67.181099819333,0.9633361677860148,0
0.9182428840289872,0.3883706603780076,0.26260567251429584,24.34317309298421,5.0,71.9830464705891,0.5954996229652404,0
2.517465912602562,0.14934634296760935,0.05165745048430123,182.67059304636655,10.0,56.44385613772969,0.7749879639436282,0
0.021519076144450703,0.7188503694078228,0.7611496229681693,5.700666171469807,11.0,85.51878471568885,0.09888917330339442,1
2.8960267328169307,0.1224442017187905,0.0035175982184419753,106.77896802397152,14.0,89.15076085363812,0.8046760565379087,0
1.0528655665393338,0.17114265187847136,0.30207202478848083,12.257609344244326,4.0,73.50313093445523,0.5891539048227445,0
1.0521055958748158,0.49766665551110134,0.26167775782228053,7.3090450512591225,6.0,59.487761944030304,0.45728009652648993,0
1.0567932061691572,0.31661770837835557,0.44983782326150507,7.680246746866367,3.0,36.378001556509,0.5287350245917314,0
1.7047058310667664,0.06403219377857387,0.03683441642063441,171.31935021555915,11.0,57.122075976629176,0.8422195951843676,0
0.935689654047873,0.5675105433675611,0.11262194830390392,27.20820999243971,6.0,38.11861882348236,0.6663133261125955,0
1.0913611162943329,0.23175551232309383,0.10586115418245971,27.816686756525584,9.0,56.95925095740499,0.7671781838659251,0
0.6796176016951533,0.4345086482474286,0.3793281531667779,44.38724444356708,4.0,35.85866267918372,0.447130570821536,0
1.7352290537429664,0.17314864746228087,0.25097068507721837,49.60533569207058,6.0,38.47201773402893,0.5633191890731771,0
1.5123358295815585,0.1748425858385747,0.22057242966493285,80.5109656522003,7.0,48.288511151226494,0.797964358446864,0
1.5507907786090938,0.24290367195372337,0.4537773010985416,10.096855370905407,7.0,44.23751374168952,0.5435466092652622,0
1.7099594521563644,0.19801061546546406,0.263550626673748,56.05206865992717,11.0,35.025692147994945,0.7434619344033586,0
0.9018247849198462,0.3416190601720959,0.1971284441561565,63.830484030562246,8.0,36.10190485165825,0.7831458248221028,0
1.700040468914358,0.31735931017254715,0.47571457326721,10.852411973635395,4.0,47.93225761817307,0.6288520951985926,0
2.6708717062898764,0.1682407412429913,0.026034854341525006,134.82337496451407,11.0,63.486899855991645,0.8699658501377663,0
1.9162183144937246,0.2404694587232526,0.14691946205205636,98.37776666668574,5.0,53.54845224885154,0.6801204921062446,0
0.07493008277320719,0.7432868931618575,0.5288729605320038,2.5096751057073856,8.0,92.9060895225384,0.07584351380499205,1
1.1097457995794695,0.3010084445960387,0.23793158119338748,90.68624746730333,11.0,51.9162373743222,0.6779904992663353,0
1.062227554621567,0.5786119784662311,0.15698386791179536,31.120395337690198,4.0,36.61246261364752,0.5097049610161014,0
0.8026915474769186,0.3079187546347635,0.2795225521443676,11.511426168907036,5.0,49.73341116328787,0.6113915556790464,0
1.8625493969716964,0.12373212238726353,0.0926670488081282,123.841981555125,14.0,79.25243067050492,0.9968281549892859,0
1.0584811734058444,0.5204110466698756,0.4497409655969091,32.299194471267185,9.0,41.0495801060454,0.6567425206101476,0
1.3415587020119664,0.25811155867269653,0.08987326794021404,75.49962305514663,6.0,45.82442780780775,0.6318507930029372,0
0.8900173595817471,0.2700065577411443,0.44672327739045703,28.33821796275591,4.0,71.26984358673236,0.5127993656691086,0
0.5051817498353576,0.31732920437844286,0.1447797166361094,18.821404636606495,7.0,46.74343281348968,0.5555898026040059,0
0.9837204509640526,0.18281919835489174,0.21752329353714261,57.927633417107266,11.0,69.7039146229277,0.7775116829795629,0
1.3433260941353815,0.12193444577065887,0.23031753648097142,41.627286128261744,11.0,47.595139131100126,0.8207109760789426,0
0.07459382553314696,0.9282973116266797,0.9234990254628358,0.0,5.0,97.58819320225233,0.050837339153469385,1
1.4208811864041637,0.38039006233704076,0.1481439411510999,37.32006175067529,5.0,20.699653857266977,0.6848089150866956,0
2.756073543517603,0.09882832930348469,0.01158567243352684,92.25005500240043,14.0,56.94487709174073,0.820152859033414,0
0.01687555437473224,0.967360642454023,0.9606088607193225,0.0,4.0,99.16736203157562,0.07903137628451962,1
1.6827487569427966,0.1012659863241266,0.06942624356428866,178.7898235675534,10.0,83.14435841637919,0.9288517824039504,0
1.0160349141315839,0.27932806647594766,0.24900129114320768,15.678435881062807,4.0,52.33735176223638,0.5428042016239976,0
1.339170875582635,0.521968389369457,0.3942017517033972,34.25902116532796,5.0,30.73100061798979,0.5180699563939224,0
1.0081690435724924,0.2729717612860523,0.31904452909521963,19.63057736370172,3.0,45.894130820140866,0.6733449619896608,0
2.00853543887974,0.1407555389080449,0.020435954521163882,95.90910070752336,12.0,86.08100653796429,0.9410525873950292,0
2.9293837027283485,0.12201209657743478,0.02551069310273807,186.33128667536917,9.0,66.21719065873057,0.9940320976729269,0
2.2446262236589627,0.093151488071451,0.0005473108834627482,213.73045112391188,8.0,66.57506233611369,0.9696909049456349,0
0.5797666424855615,0.3665047470667622,0.24613908257497227,16.476376729647903,8.0,48.37253551898597,0.6986792580233947,0
0.5903316830280926,0.421864234202532,0.24123204980616095,35.230811959805116,8.0,45.61641738186801,0.40488255479964175,0
0.1616915965105601,0.8161917296064694,0.8531474310106543,0.6315962817768934,10.0,85.20553112044703,0.13687172595615027,1
1.1367063446392993,0.18265013853524448,0.11856138380452573,85.89026148906892,10.0,65.39705590376361,0.7586656091237924,0
1.0728626291838355,0.17557351544834354,0.4816336360227986,30.285945670752053,5.0,55.929664284295306,0.6928407204030449,0
0.19417264452165778,0.8889772794277091,0.7031066493885012,5.7207455294839455,12.0,96.53760190005332,0.10390949333617065,1
0.25651803529096684,0.8466210607847396,0.7194754932524028,1.86266113742432,12.0,79.99746097474133,0.08352093015263264,1
0.9084306520417016,0.22449188969466638,0.08954196591301412,57.406781768461684,5.0,73.15399559800582,0.5934947599591428,0
1.775712185817751,0.033150589368470505,0.004496424249882747,228.45078918015975,9.0,56.39812629661693,0.7570730764095286,0
1.4829853642041084,0.17031391099700283,0.39239826633505315,16.483746953417125,3.0,53.24732418461258,0.5774271353086805,0
2.315243392619791,0.17978431526410274,0.09718038186467114,199.82251491734075,13.0,70.97413502656458,0.8465853643057955,0
0.06836173819984125,0.838851855389442,0.501556305792226,2.028695435874603,9.0,94.6401812049097,0.11130398487381318,1
1.2131992974739325,0.1800296317402854,0.4008127397334946,20.268851549624372,7.0,34.1423022751361,0.6947581779350318,0
1.1878487473913395,0.24776940423845883,0.2054490484500049,76.50654689060931,8.0,46.801605619861526,0.7476276967620327,0
1.418862245323119,0.515060623319904,0.3187885225639647,30.364697995296986,5.0,34.93439126758947,0.591607114415936,0
1.3926227098094688,0.49671764181993927,0.29300082455064363,46.607773244716356,5.0,37.9432026288998,0.597518997794521,0
2.0645392102212394,0.19732630898486442,0.07177602360036435,241.703092200653,14.0,59.14675020259645,0.9626334197976957,0
2.4051089362314126,0.04911320776189032,0.004255181764677651,118.01035454892798,12.0,69.48756116691104,0.7941667453317904,0
1.1978308241259774,0.20804031409736798,0.32706809562707123,18.288850232777897,7.0,75.03831612687489,0.6151126537763456,0
1.957056905641247,0.08558064273627,0.06109875470366283,187.8869499611047,8.0,69.41338138049495,0.8521957773571742,0
1.7079817443501293,0.056704153319845844,0.0674736547349278,234.7555747314929,13.0,73.97276622327517,0.9253477753108581,0
1.093207572834701,0.41800319772009464,0.2764634631779898,12.439720418844285,7.0,29.038544002705073,0.6744817035311657,0
1.4163394786073926,0.31985293372179135,0.43076222293550814,25.224304286244447,5.0,65.47207802646219,0.6969899381580978,0
1.7294790681128922,0.46042111674255204,0.31792138730709396,28.29988666774828,4.0,34.77520653660973,0.6721082726116272,0
0.8363747379036472,0.463650715400442,0.5409518885572411,6.552415640992443,4.0,62.285827897076935,0.5284308774497724,0
1.5831536589695663,0.25203222906395073,0.2897754595173837,63.125812202154314,6.0,64.29276462061407,0.7616347993703733,0
1.9858518940789327,0.09595970055103067,0.097804574578798,160.72906220086966,8.0,56.81025220832369,0.9863541431099871,0
1.6486697123698133,0.16871499031955056,0.09026531439276171,246.52701569972075,13.0,83.07090580957578,0.9448693851928323,0
1.2965645673389228,0.32781464819974504,0.3488888764936692,26.038630428939314,6.0,76.04106523573068,0.6299265146148108,0
1.1485096459290993,0.24811971814020695,0.2974772951906494,26.44256485247962,7.0,60.892192132549134,0.6938496059199459,0
2.472895187205648,0.10280963920777296,0.025974225208663694,102.98763154067763,8.0,59.09315315812229,0.7758307144271229,0
0.8939108092202843,0.2895052707875767,0.2904582517980919,31.373106484430384,10.0,68.44463138367418,0.8298940079947814,0
2.681148332978931,0.1098288767199359,0.04314181951798901,186.4221217599797,11.0,72.94587356123654,0.9341764221205551,0
0.005241772252770593,0.9720446852575391,0.98671450944314,0.0,4.0,97.79422756712839,0.05560846661764917,1
0.9510556008062521,0.3320623207670242,0.2904727158655007,19.60029039326436,4.0,58.26975494850204,0.5235851072436315,0
1.1531875698018004,0.18591148143244107,0.1631877185677143,62.93002653882667,9.0,43.93290352647762,0.6963928494647942,0
0.07774134236922511,0.9380805648080955,0.9376506650574408,0.0,5.0,96.65197711514463,0.08002075974839112,1
0.5552257763552473,0.5843094964396015,0.41566353367827613,10.055215212085411,4.0,44.340910266229756,0.5526622522270076,0
1.450811843257683,0.45737244998140025,0.10790206303071356,18.920557745421664,9.0,36.760535546304325,0.44704447069733105,0
0.6164806159332099,0.48487861049717085,0.31244010706348757,48.843411750485615,6.0,28.109231843940737,0.4195232881532548,0
1.7689024622366087,0.11987655830416871,0.08745620408374645,113.39389317147746,9.0,82.20916933844121,0.9929566065152419,0
1.3369503623191603,0.5307102683113848,0.33665268398328063,19.066550303595946,5.0,31.76081746272302,0.5006307622383883,0
1.392598204539111,0.41992415471694466,0.32807520749361996,6.567094954943982,7.0,38.55196205562555,0.6349661063021278,0
1.3572802663494847,0.4683529263491857,0.4304444308941029,11.94532865686783,9.0,45.23872937696697,0.4166510887111418,0
1.4576123259217422,0.45276278692308614,0.26432133609495106,39.34350016701298,9.0,29.95983824582779,0.5010843194714857,0
0.8819188839183421,0.39773746232926516,0.2785037037906729,20.25089984163083,9.0,22.742748650860207,0.5107428046548306,0
1.7861276712478404,0.1394003783221196,0.07587756707751463,62.724643992820134,8.0,66.82100804363066,0.726887455871595,0
1.4946844752011277,0.3449594294856009,0.2612559413880303,26.542617483128257,6.0,55.77176145717202,0.5176402912928024,0
1.2957814949636592,0.2718762489142279,0.2850874420885644,11.579196733915737,3.0,77.42907659515495,0.4856449727676223,0
0.681949742004146,0.3565509574382173,0.46410126015626163,5.355905853224825,6.0,48.853601542469335,0.6020452341206005,0
1.4692529980410831,0.40830296719091885,0.2259068975953133,6.898146544838742,6.0,48.05599716147195,0.6082790143646387,0
1.573881179891391,0.07472282769191432,0.052375294871763727,97.28422349363171,8.0,56.81866532627865,0.9812104672545156,0
1.7851686105215836,0.2263627216031074,0.26563559158966693,33.89546893237505,4.0,56.815200489907895,0.48961493785239174,0
1.9339802041535017,0.05156168194047089,0.05859613740960548,149.69700599825734,10.0,83.56196058634909,0.965142479823594,0
1.9683214093831174,0.19389171674511751,0.07331244745595454,142.72805406105863,13.0,61.11825851815518,0.8048948980505228,0
0.8885355304562821,0.452072155041662,0.20996912026408238,43.881903329072905,5.0,32.32135350377402,0.6732656209286793,0
1.0387480539118341,0.15644460914492758,0.21401190126529462,49.56340587348619,5.0,59.60097527613493,0.8170773800938873,0
0.017039010855494058,0.8565694780922694,0.5754470795249211,2.0804926088381257,12.0,92.74347438957133,0.13645713675585502,1
1.0517127927360959,0.12278286135659566,0.2689365040899117,47.149568205754974,9.0,52.01690519334943,0.8377079152037327,0
1.3841608605380982,0.35808771921761473,0.5332106770502067,32.19405263164627,6.0,30.95786189391261,0.594116090521968,0
0.9931369082978113,0.16894051887376726,0.2699441140152177,60.578659968352596,11.0,48.65413288762842,0.6148336165246514,0
1.5963132773481967,0.15350148319617968,0.0376469434406366,144.64004926288175,9.0,83.52656881928328,0.8302092239849543,0
1.0714266677624744,0.23120279690230092,0.28196455636574713,97.01695033922259,8.0,48.960169022218025,0.759443392345257,0
1.5433805265398934,0.2081595659874705,0.5237206062375874,6.319332435816936,7.0,62.83189064077941,0.5249207156657671,0
0.903631609401916,0.319618038848997,0.28107243985240216,86.62098527585528,7.0,57.50112483023914,0.7172795773376365,0
1.7850678239393951,0.17967507678787492,0.025330760070564375,199.89630961120076,12.0,56.35629660349503,0.9134326181442302,0
1.6352933688169733,0.24964957037431645,0.5364832747315128,32.94615897668977,7.0,41.42834702191675,0.7004558137590667,0
2.9807794980625406,0.00897606449525532,0.07480709590798927,92.21656819296321,8.0,75.72464887162835,0.9390188206070594,0
2.5657991576140167,0.00531555299945834,0.004945913714601569,182.26493691752268,11.0,72.01672264677964,0.8150461638357478,0
1.0377059850537336,0.3146579720274147,0.25690600441549505,46.13774560591132,9.0,16.78338923196537,0.6651976846453127,0
1.287266122360815,0.20783082925834415,0.2604382270026411,23.42993524580425,7.0,63.792975025757286,0.5617283174699108,0
1.6202209524490705,0.2027777308219061,0.45005863260253315,19.09214666031327,7.0,72.64454423373216,0.7222356950507718,0
2.927893185121362,0.0024103726031850406,0.07630192967767481,244.93426733687338,9.0,88.97485564186746,0.8875808764244099,0
0.038707034920781924,0.9542696539247756,0.9926181326565916,0.0,5.0,96.953027715915,0.0952950135327851,1
1.0718066983174106,0.30452822963139314,0.11691218376496311,83.10269447584204,9.0,42.5493021737185,0.7681925678882293,0
0.8584669121032732,0.10412281474441248,0.16836885049858163,37.32840444433327,6.0,63.205037839968874,0.7885970387583254,0
1.7129082822924788,0.2034910547963437,0.3770852149635904,22.541844644388313,3.0,40.048511963448505,0.6846098797928407,0
1.554645293524325,0.11123805935955787,0.021626930979755144,226.25880143290317,13.0,69.70778676613534,0.7970260570303378,0
0.04411634465454229,0.9285230911167179,0.5839020619732754,4.330424697233418,5.0,94.84755619460202,0.041587722800157066,1
0.8093772127316734,0.1593351998761911,0.2018630437141471,16.986631249981873,3.0,70.98810396089645,0.7236137394749085,0
1.4427645926878139,0.45238975303498863,0.2652197175874029,22.62424116250424,4.0,33.201794751733175,0.43871467686947696,0
1.5771287318353941,0.13445288624468896,0.03533376950684678,213.86885868735538,10.0,84.1242026348695,0.9553076966494614,0
0.8515491528507735,0.28034221937845993,0.24025539324537415,88.22936807243136,8.0,66.07628219827322,0.6629616198389745,0
1.528078514684926,0.16266635216720127,0.34945751866534236,7.994836454448794,6.0,79.19109205644375,0.6760899842410083,0
1.634590697056578,0.2843614678791485,0.2698652632140051,19.038415595307036,6.0,41.79107442489253,0.6219785402320479,0
2.607870579686074,0.06343063422599575,0.08900194571176956,180.95119316483607,9.0,59.410921961131926,0.7859296653638835,0
1.909543014179861,0.25502022666331553,0.1277659587761475,55.0049917313407,9.0,40.33983340367405,0.6076942120827068,0
1.100701720181169,0.255473147802499,0.33573071218624606,26.636248183216246,6.0,65.10462560002938,0.7166997586354618,0
0.8348514182271929,0.39383225999654814,0.3808003778778092,27.083032972178465,6.0,32.862408479582484,0.5776086240705425,0
1.1505450568559148,0.3007317841215802,0.31646579440526,18.238296940299414,9.0,39.72221117571955,0.5672158663032087,0
1.1422976865257293,0.42822748418186807,0.27831613979523906,15.600009875414319,4.0,31.205537240771537,0.5119091167282872,0
0.9485447973405653,0.14653468852605972,0.13293732811480574,30.26750281650274,5.0,37.27652808513803,0.8248078764497333,0
2.6552804241662744,0.15984458433181106,0.06024102530914477,225.66626662581697,8.0,58.42591480752009,0.8189809605102033,0
1.3179802497215032,0.2385745338198995,0.188136984943245,28.139614405512855,9.0,43.55272619168923,0.8250085234256049,0
2.10189744627917,0.06478733378752724,0.09486454987126411,178.0663629445908,14.0,60.96194177804816,0.9946585359751097,0
1.4347678842955496,0.10837089224927512,0.1457494855423359,60.5812033669483,9.0,45.208355983963266,0.559372293697195,0
1.0933710109830075,0.32070233303614504,0.14348046007330584,58.452378942241836,6.0,51.388043061959785,0.6045828865830258,0
1.715879579976841,0.45160317846872866,0.5172038798408416,19.371021555475792,3.0,38.52707186785503,0.5480641003072633,0
1.8207462319169967,0.18001825562873652,0.03426502960336406,86.62649418134447,11.0,59.337831905430725,0.8096166109289357,0
1.1840515412175878,0.42828180218668066,0.17016894145801087,44.69286935030374,7.0,39.73377257665361,0.6289973084636038,0
2.0946543530472184,0.18902965753415454,0.005088073454501463,207.44997767758827,11.0,85.33130912537854,0.9365169947398413,0
1.2922337976846228,0.41296854904130187,0.45409963500181755,8.31578568254941,3.0,79.97330552033446,0.7325669179346186,0
0.7135726947476301,0.3417582597840892,0.4073881771049389,14.230057128533483,6.0,32.34766237457354,0.4656313607063478,0
1.6873855189584646,0.10090619803859731,0.07451881283288446,187.10201357798778,13.0,84.78958849166773,0.7888032481102727,0
1.0335430099469363,0.2072427431349544,0.39306270053662945,19.682073281037972,5.0,72.50089394069782,0.6687844139517997,0
1.0312534658237402,0.43996540663236916,0.2924047497932417,19.767241585358192,4.0,67.12605467137442,0.5914906011124611,0
0.7757585655348856,0.34625369947188256,0.3312808089829408,21.176324068867117,6.0,35.387487518612474,0.7360388540282725,0
0.9946159219325416,0.18309428375904113,0.13281276507783202,59.0634258776702,5.0,42.72030144635065,0.7125215714989686,0
1.7365692478879948,0.41232019847576484,0.46906710608732294,20.271753025910463,6.0,77.10317226569083,0.6665220757006314,0
0.07134865110109365,0.9947942579854286,0.9671598419233589,0.0,5.0,96.82740163334236,0.07893849920417295,1
0.935182536413685,0.30644090081425446,0.42071899650838673,20.382908921911334,3.0,43.1283856233951,0.6606470985847452,0
1.0760071187100926,0.48140441303838166,0.5096843934625035,22.711515511074175,6.0,38.03951203297689,0.4730622734021401,0
1.2300887510025147,0.2540767740130225,0.1378898467428334,80.97049254865047,11.0,67.0526930486345,0.8127533780288143,0
2.647218000916693,0.07211302215517008,0.07827613480561024,115.06639357890879,13.0,72.39590461761188,0.7582340036745902,0
1.628403260439058,0.4185679129924471,0.5014773313655206,31.849812381249944,7.0,56.05029036143104,0.7049766660499133,0
1.7710212406981367,0.16929291487275408,0.21200000691871632,22.0583305392012,5.0,40.16396113444534,0.6312912490650577,0
1.2445395094375375,0.17956263865460081,0.057788952706667604,71.59248836602477,9.0,37.83201887094636,0.6451124688728359,0
1.4086983589540591,0.20608410723075288,0.05253233433536471,93.65477028172239,5.0,53.19700909337222,0.8362804830281845,0
0.893844773463865,0.34949472967889184,0.20468024659218947,18.96192980312765,3.0,72.19024965475847,0.7284172787956705,0
0.8862018436803304,0.15503277005827373,0.166688231479735,99.28316341939917,9.0,74.85060251756533,0.8438865043372863,0
0.6425449588893007,0.43663164244788855,0.28437498002967476,23.952291086447584,3.0,30.222476932339195,0.7483030889819287,0
1.0593027546639187,0.45297188187890725,0.5402729782410023,28.290720223034967,5.0,35.63258160819237,0.5127615443297406,0
1.1718570160963795,0.41045012911520373,0.369672477273719,18.94947729201391,6.0,42.968225609480875,0.5249406297918751,0
2.12741597884255,0.06488113282832102,0.07983508127598611,242.80787936262192,13.0,85.6353069277797,0.7883944667369391,0
0.8437183367718334,0.21079449681132195,0.2042821444211615,90.16639250438521,11.0,42.86691305153185,0.7089401832722413,0
1.3365506602926045,0.23808318756017485,0.1523755842160972,66.45036734480607,9.0,68.06859678408748,0.8227153059394852,0
0.5258169942114704,0.31061686270889355,0.3545019736601791,16.82693682467709,6.0,37.97459932812568,0.6249766484502275,0
1.1269948399405099,0.3422618390114336,0.10810606108643417,10.131439974649425,8.0,45.89248344868879,0.6422774317485527,0
1.5303830565426335,0.35214584254147924,0.2909136761841724,31.263170812638947,7.0,30.540806743947886,0.51823199003818,0
2.692848387874064,0.19212525712576656,0.07218363322336134,236.0361994263748,12.0,89.44648427317999,0.8380126685598095,0
1.918532311778434,0.24107405145734662,0.16053713936612385,77.89300440938784,8.0,68.53294365183626,0.7188946726199131,0
1.4078020527624597,0.5973089415078209,0.14608686321300515,41.432688467846994,5.0,37.55307348624704,0.4836582874714606,0
2.9982444560004877,0.12270329694596643,0.08897794665398688,234.46340191445913,11.0,71.13259868755885,0.7702885001059748,0
0.9743269608392426,0.13659745722155184,0.20056871383694824,94.09228770387766,9.0,52.51073468262038,0.6531419344581553,0
1.8274340757781,0.2926398256962749,0.05471289475948833,59.12663204373909,10.0,53.415823483720935,0.5891935768077108,0
1.5040609105136808,0.05975181412452646,0.05550422850525477,136.79595614219207,11.0,71.10131197161245,0.7953807770274235,0
0.9293708757001783,0.3375192069243486,0.23398868936954545,43.98269024428288,9.0,19.912635050986545,0.5752065852478562,0
0.21665920805847516,0.7258215263669907,0.671990258377908,4.27665173973805,6.0,84.31179147007037,0.11701406857390362,1
1.8762793374826832,0.07300944937695168,0.014994147793406066,228.25773134060753,11.0,76.07417871416996,0.7834466063984639,0
0.8390319418974882,0.48846930233313907,0.13498415172395595,11.023822177815452,5.0,47.08239510838094,0.4934148232805967,0
1.1463162261289312,0.3699117661795749,0.2904381901525903,39.74937151195943,6.0,20.48086173321939,0.4382491272899682,0
1.4460137591996158,0.1077710450020076,0.2307334996729803,65.8737204683873,7.0,48.11368155413767,0.8306820359409224,0
1.9603365663619166,0.31700432360813047,0.12972462971012177,81.2197184488982,7.0,62.38205697514964,0.6973245479483742,0
0.907112194837152,0.39155431627297727,0.3901159349391947,30.12390889931596,4.0,78.01893637785108,0.5601874842387495,0
0.6318120704188355,0.5589454590482542,0.10014592091608636,10.3495167069269,6.0,27.753454206396512,0.6060694766556209,0
2.9190366803371424,0.06026852650294359,0.05780172158075422,198.96191058014125,12.0,77.7231604335858,0.9851486024238796,0
0.8861246241617917,0.30803097108026634,0.32871358520817096,8.385210299520665,6.0,47.27909762558879,0.5550374874879557,0
1.6767658513587467,0.04766770587241203,0.05028749369803533,165.8970767898263,13.0,75.39255222600882,0.8487754593869727,0
2.5421971932277474,0.17214381366517884,0.013210283730154393,184.44455589212635,10.0,58.32835118804771,0.9314289070678567,0
1.9938936893966543,0.09020930003705102,0.05679342304284926,158.5090449464572,10.0,74.40396581829172,0.830178886673519,0
1.1946777584930117,0.3858632869155435,0.48778982720326536,14.036272709673554,5.0,78.92266868779339,0.546044263394249,0
1.8473003101254672,0.2508011650127123,0.09411441325722487,66.74945505155867,7.0,74.04803457432357,0.5598271690791086,0
2.121266282389006,0.008491590565619656,0.04482160875711662,125.08628753913621,14.0,69.87859211973073,0.9698529333719212,0
0.8901097124557195,0.32448282945071605,0.32684088175846593,38.71031598415936,7.0,21.096489476699347,0.6083310157926307,0
1.063868051282074,0.3010729664691718,0.15938408919287617,77.96830837624351,7.0,38.257699249632715,0.6909896182373101,0
1.0378035484927275,0.36256653451052034,0.30765654004767545,6.965829012944006,3.0,43.24043686586669,0.572604495269883,0
1.0677997151384682,0.4235030506205969,0.27218497020058013,20.09686549866528,3.0,51.3397242795629,0.6061097309301572,0
0.507463820411768,0.3942404322294132,0.44096260505956686,22.35993884399297,7.0,41.10775243726235,0.5653240306237648,0
1.0237821909035945,0.34068789340974853,0.3307500514967726,12.413286875848321,5.0,15.941137410858968,0.4957870727337613,0
1.2428665843155082,0.5676918684695579,0.1863386501010817,46.765663439526676,8.0,24.0592221364791,0.6537357514307828,0
1.226587906217167,0.5808289401991649,0.31036761008740443,16.237460824996923,7.0,27.007858924112256,0.41478632391571646,0
2.9865003721147327,0.03235649155845315,0.07995126057182288,230.86189268324517,9.0,81.39316960649506,0.8386813302991376,0
1.7401726627118972,0.19333668243694108,0.3341021053258555,31.385826791443417,6.0,54.18021258770604,0.7034350792624187,0
1.3253103794941006,0.356690581908769,0.349401552522266,44.96650779440542,7.0,38.83559383194413,0.6057256122784646,0
1.3278239607099733,0.2713980581094776,0.059985481271617305,84.62705554721161,8.0,62.302391737299985,0.7428175944040181,0
0.009545760752893663,0.7621492345218325,0.7606276993812195,2.4822219289092917,8.0,84.62516987518917,0.12970734728604977,1
0.3762061602357659,0.8897311720314427,0.6878857823436579,5.7355992636825315,4.0,78.74767940809322,0.11717911068847917,1
0.7761298676526635,0.49677063589912585,0.26767252760482974,40.343886636281724,8.0,43.81804069797296,0.4552623142782196,0
1.024634156395288,0.35840450905858523,0.3534849015044147,48.41298193593944,4.0,22.30644211496746,0.5947291035290598,0
1.748989367230541,0.09021803216078127,0.04023708831721839,210.50237555878607,12.0,77.83985381184786,0.781102597181631,0
1.2405387831946788,0.3070611818563075,0.3350513416373781,6.392542273739176,7.0,75.47606281525768,0.5988528276854183,0
2.5257670265011147,0.12863350870801102,0.06498274225632784,125.9799134950214,11.0,56.59817999028471,0.946735283953031,0
2.832548179594261,0.18593332418391104,0.00998310571767902,98.25850256905812,8.0,76.68492397086092,0.7804922410524058,0
0.6616562989112125,0.3604086263818339,0.41835262482439584,6.415236695453438,5.0,48.92196659439089,0.6338553838681282,0
1.3077036635603931,0.12017009460366626,0.13089335931233337,42.8285781528233,6.0,38.809344411535015,0.6859575805147198,0
0.7525275965185453,0.41430747157386294,0.5234499835655487,28.69251611199953,7.0,60.63079147170859,0.6939698746831728,0
0.9081643784459201,0.27925486819072215,0.1125427632012574,90.72960630631594,10.0,43.01083320360573,0.5754575330664803,0
0.7118344614585114,0.3054020576939112,0.3654939679751047,26.228196419337497,6.0,33.700005875019194,0.4472448606927052,0
1.0110656452997278,0.3748528058577655,0.27938820342909176,21.806392129541273,3.0,58.56782543137265,0.5015166351879693,0
1.860261687501612,0.15886300425347022,0.1741844451795161,79.73641907978529,5.0,43.45359173047913,0.8434128221216912,0
1.0716674079280342,0.46185010299655277,0.2371699725623891,18.695917037157496,9.0,32.834863121658174,0.4101818596867661,0
1.7066903038917078,0.06089330529520658,0.05528982540644615,96.48624107993149,14.0,84.60289352307498,0.9041890447693273,0
0.9000549658873819,0.4920156927610909,0.35823158823501977,44.94895831161981,8.0,45.654586223074865,0.616401887315878,0
2.734142419906245,0.08868283976546623,0.02272387217847769,174.2794137926919,14.0,83.96709101974037,0.9079160997805162,0
0.7288465008077679,0.3644458094176486,0.3179978323006919,15.043031007717198,7.0,27.69472257129616,0.6063660596780356,0
0.06502645813492604,0.855487860013274,0.9692949972194975,3.2800187796018054,7.0,94.29291030144479,0.09352082963747547,1
1.5275178766607502,0.2350988513876004,0.4949874584996868,22.614330234652947,3.0,57.819167929127204,0.6098426305373782,0
1.9848988265476568,0.11752699493060861,0.07180623366342505,155.2515225772439,14.0,60.470196268634126,0.7760378734507178,0
1.072656258133581,0.33159746326709094,0.3819898184504925,19.10709731278981,3.0,60.64744522324854,0.7156879859604919,0
1.3291073399562547,0.4856367593780726,0.4912102390117995,29.427287929050483,6.0,46.74316967323227,0.5375213879437941,0
1.1640051592186382,0.14325598033582423,0.29900393877563175,29.774769198914772,5.0,68.08032058431998,0.7418483306471583,0
2.345284855454306,0.09912101564022863,0.005520995670798046,139.20690018844755,8.0,85.2785081168727,0.757723209259008,0
2.222063095892487,0.11431395690134377,0.004907404772427304,148.7269975761763,13.0,75.4816972956737,0.9143334904420934,0
1.4007282297279873,0.23514296297216547,0.18809619732801336,78.59140737025616,7.0,45.98592570470112,0.7494711037124432,0
0.7573047649913643,0.3010484943328041,0.4383581511352266,44.281639597777335,8.0,32.97945164644744,0.47624568643570203,0
2.637054316886754,0.18790896815590866,0.06608681959247995,153.3857838000942,11.0,81.17264031013326,0.8644743424378464,0
1.8176582451994654,0.018000278209017975,0.012011063010138434,92.12177081142372,14.0,89.64380742217057,0.7685144208422684,0
1.831196881813401,0.13121477581901267,0.028908358163819172,204.90327223269858,8.0,74.2818068971641,0.9571367312096964,0
0.9296290959984418,0.5900229571538411,0.4429208560574096,13.428545735800018,5.0,27.86998316913637,0.5800964410139934,0
2.0169613297674265,0.11140035637629005,0.02962996304534851,108.86599554136028,9.0,57.02808705883455,0.9873233807523143,0
1.3490656486374066,0.3675726908098836,0.10968246331720918,9.605468701875111,7.0,19.695908185740045,0.5711448954413207,0
2.4154349275557756,0.19733964030370593,0.008843876927465478,245.66515173218914,9.0,62.14046012939143,0.9057678758905089,0
1.9988480210066637,0.20307768171430868,0.05048242696833487,96.46965929695108,6.0,51.74344502218135,0.7652432757911968,0
1.1010955147430777,0.18674000634188248,0.20955168464484064,50.8770990131961,6.0,50.84235779134619,0.5620093788397792,0
1.2312123485982136,0.4047914458313083,0.2706310761979691,14.592548108251522,5.0,40.4148084076743,0.48007249288929044,0
1.420253084935576,0.48674170239205483,0.30471574833482135,27.835986725821872,5.0,35.20580876557641,0.49855952700098344,0
1.1745232992244354,0.34555767436839624,0.29109175208259996,35.692846174533535,5.0,59.032195565082766,0.7571941219315461,0
1.1659466164990338,0.14507786149879429,0.20339848442902775,42.13273537880703,7.0,50.17063802345092,0.606023865300937,0
2.089952825548962,0.17414667466357278,0.06887522127599198,170.56587264743928,9.0,68.57524087789172,0.9530742366175715,0
2.2831876393547264,0.14254993875225994,0.04473927517921095,138.8308498938049,12.0,71.36783583575743,0.7924285262746402,0
0.6688048841060587,0.36887534915213444,0.42862850674133496,21.701112054251134,6.0,42.28812331620354,0.6932295650946761,0
0.6138824575925284,0.32027963729117326,0.2536908180790361,22.96585111184195,7.0,69.9084984853914,0.4599126907052062,0
0.9007182436985204,0.430359465270845,0.43357970300424903,20.978873975772935,3.0,40.22853763531889,0.5036932870771211,0
2.6206137009448294,0.07430864168127231,0.0188836420475639,113.23429065741985,11.0,71.7795976182062,0.9654536044540035,0
2.608758482890084,0.04775706587173665,0.06714035241730319,123.37119152979776,9.0,72.89003172004801,0.987161616979048,0
0.5297172133564333,0.3026640579799346,0.34690862732881256,12.96833214355523,9.0,34.17328829887862,0.6088022446630059,0
0.6595239338959794,0.5742982872861938,0.29483166757678614,8.255881030866332,9.0,15.639958937459912,0.6332897815054143,0
1.1720029182967193,0.21592614556713785,0.26110338666481087,85.19844560448183,11.0,40.04965746265129,0.5873346545045057,0
2.282814652033284,0.05592726582050605,0.0032043589378177198,184.44563811098158,10.0,77.79672495590162,0.7771667427010671,0
1.4487724052052124,0.5936928775951231,0.4126493952308937,13.582894141033965,7.0,44.35229971760259,0.6613257579579092,0
1.789537784309056,0.07467670865173495,0.09441436470762747,165.87607712598725,10.0,63.21940571407309,0.7764375343653785,0
0.8273252189993597,0.2269808742996903,0.4403500597242538,7.666989772630045,5.0,66.61835884583199,0.5304381864942367,0
1.9736467167691367,0.014490994719174366,0.09448051719440385,155.69512921989596,12.0,78.63705647366659,0.9602800161260804,0
0.09714376503900875,0.989558045565667,0.8893296642000716,2.49452052503861,11.0,88.14980499485796,0.045654383894121596,1
0.8245315797713011,0.2979618224477685,0.16278643600278864,84.21686530004918,7.0,46.52797204802257,0.7753971327373906,0
1.2726017074220268,0.3499287127657232,0.1062559074211631,46.03931540608671,8.0,45.74860594722652,0.7575980099159543,0
1.8473666383944773,0.24554176706114458,0.15299368100299698,59.88264463480719,9.0,43.331199777432204,0.7935644502123784,0
1.4488442325014275,0.3939716191510318,0.40220181461955473,41.28385195346864,5.0,46.36982699521727,0.5152570029760923,0
2.7208735255643557,0.1489159519036067,0.0452870165712018,237.58132995452704,9.0,74.7913070696683,0.7764855892477404,0
1.140040747084519,0.48253086380424415,0.35355377393538345,32.01333596007032,6.0,47.207815804542165,0.6588027012231308,0
1.4188762171505211,0.31935676980409716,0.08050373296570955,33.56972561900951,6.0,52.2485987250334,0.6395626746256419,0
1.6513673842041046,0.40714601933558103,0.424761236226729,20.005314568310382,5.0,77.95824120000862,0.7046558944607249,0
1.8854076205033365,0.14611149022171033,0.29333717093647643,85.9142913888394,10.0,54.31631329484284,0.8011604648012792,0
0.5957618518598342,0.5401131094447575,0.2720633562612984,18.143354994380005,9.0,40.523434259511006,0.4199062434269806,0
0.6949584356407791,0.2677635955568545,0.5211647714213223,16.94820749430169,6.0,74.37561076009621,0.5887301737895259,0
1.6174116364764308,0.17933190953251965,0.21644032846203348,13.24574258353976,6.0,53.78943025287591,0.7185866880013201,0
0.02814717543837009,0.9465087199431115,0.6623538904812973,4.39641676405932,8.0,98.44818519960737,0.12806862083094367,1
1.0330679305870034,0.48224343696943606,0.43142370263954155,28.670742018022167,6.0,78.43473094223387,0.5194310761537997,0
1.7644370475331952,0.03506930229078438,0.08231076228068998,147.74612599061612,12.0,59.802394022671436,0.9133849564234109,0
0.01995027799358831,0.8125935333666481,0.6406567176227906,3.111749347194035,6.0,87.01463824470734,0.10565092050696351,1
1.4465464445440088,0.4150655690802071,0.3269421449569128,48.99732472482876,6.0,25.687108223005758,0.5595845367856187,0
2.661503851774577,0.02314083346188589,0.039006259015652925,249.7636175520257,10.0,60.388725390216926,0.8557000831366983,0
1.5974201688149154,0.010986997839533852,0.05817272979587149,83.69298746969524,8.0,60.438899174004646,0.9016415837988574,0
1.26720080670998,0.16176689682017975,0.2647946196742243,47.29971445798991,5.0,43.40770279004096,0.6427749179008468,0
1.7708134102774822,0.23246358210923526,0.2704596147635779,23.626258807467778,7.0,41.292574189061746,0.6511094593611727,0
0.029882719556147824,0.8718790818453823,0.7438383626675703,1.024822827131063,8.0,97.09714720109501,0.10674989789269254,1
1.4512749846960633,0.4946108757253479,0.29031853459018647,18.903966963833,7.0,48.06372005256406,0.567140248268959,0
1.4842316464387257,0.21091739362067508,0.112389295506639,57.206753726614615,6.0,61.94087404246872,0.6345101594495891,0
1.6988131214271205,0.1654509191181473,0.05802402167429432,211.6509247767865,8.0,85.87612746151318,0.9096168819411852,0
0.7267605714400722,0.3336668176285954,0.5175364051934286,14.338376562342326,4.0,70.00801596994762,0.5007591797640842,0
0.8790297666614358,0.42551792937274735,0.14525823825381962,25.806251582133015,4.0,16.2100082161381,0.482539226597902,0
1.3291646430983892,0.4847779298607524,0.34457164030111176,17.450951919654106,3.0,35.312445470671875,0.46063408049993093,0
2.125368805078117,0.10748751467079531,0.048711541991642175,98.23879977903357,14.0,63.284569808431115,0.8819090901511205,0
1.207720248431889,0.308427113709568,0.3471789174444704,23.198901993227505,6.0,66.22892503914807,0.7187929847173682,0
1.3436985449717929,0.3141437942872976,0.23214841063447472,60.37178604756271,11.0,44.78251373143493,0.7681047223805113,0
1.1269863105406388,0.2647041917043552,0.1924112727449404,41.075907771083735,11.0,63.376516602452995,0.7432260572009921,0
1.3060262657403108,0.2396410166919766,0.08007142878902333,86.26150506093259,6.0,45.98742130723319,0.7147809704804992,0
1.5768929874512834,0.13376270116994368,0.16026046991884835,91.95295590329427,8.0,69.20655785936854,0.5989534471192431,0
1.8860584695827192,0.10053586495921339,0.015180173307883127,139.82809031390423,12.0,69.46928855364504,0.9559780902626991,0
1.1881031095529697,0.3151074123371209,0.11262725902224878,97.32430651636471,7.0,47.250382437473874,0.5570584329469832,0
1.3002836166454186,0.5472777029864321,0.19044294299855952,25.61494067050078,6.0,34.38366995789207,0.4132572457484449,0
1.4833798511764558,0.5687383490538844,0.34573659862024475,49.605113017700155,4.0,26.87378931904886,0.5803654399180519,0
0.15174516937567215,0.9822892436500509,0.9145649614467419,0.0,4.0,96.46544875694991,0.054834065562263085,1
1.677008853180773,0.19237953290990292,0.09085806907076072,198.95021274782744,12.0,64.30544865108318,0.9922940943369309,0
1.3215324328846472,0.14545386323094292,0.13286597049537652,54.80321111994442,6.0,59.92341029880885,0.8269043977143258,0
1.9938336843663307,0.3159000174635385,0.055924350529683683,43.84476630298495,7.0,67.83117508164666,0.7244220928876949,0
0.14801781975811684,0.8486081892325974,0.6404122898481996,2.989720093966487,10.0,88.82626800274365,0.08692578797219064,1
0.6713303679411715,0.3944618543064443,0.48101505178486975,26.531047126681834,6.0,65.369133190578,0.6718769777388498,0
1.5645300958138864,0.1723540333890065,0.07985823536155924,36.62267448624192,10.0,41.62468722161603,0.6933372720455147,0
1.4848767273442955,0.1785387220195856,0.08532231677177514,45.020023670329635,7.0,69.38721204967948,0.7307250886460231,0
0.16203001890384053,0.774161720347668,0.8859161149635675,6.764813111666706,10.0,84.16191641873381,0.15420441435390525,1
2.018596208643949,0.07571855751194619,0.00946397682493887,108.23064751037543,12.0,80.30898307508852,0.84727417788052,0
0.8272058489525366,0.562868133251851,0.19408952661097195,10.934305890942063,6.0,18.747470049106564,0.4829992192799456,0
0.7150216883977165,0.3337035357174739,0.17609995027684452,46.0417953368534,6.0,17.982758652178504,0.49742699312657035,0
1.452946514024812,0.4726209400010215,0.271136043847283,24.14160125083976,4.0,39.79470510941849,0.442377842771828,0
0.8686551441550969,0.3502231055511372,0.2769187655367136,21.413372987302537,6.0,46.952473294282626,0.5603039920867152,0
1.1590592328025533,0.3061629103584432,0.44688735355035936,18.962256569709055,7.0,44.720376741984786,0.44813939881839143,0
1.7651321993330893,0.16482120022703883,0.20129421250076956,55.75222852827339,9.0,47.658405696609876,0.8248395063730081,0
1.3012715264942256,0.1930651361493466,0.29293373946274986,15.59679764798934,4.0,79.3030023935327,0.5791865033744574,0
0.10541391912036013,0.980066463998228,0.9703728549512979,0.0,5.0,97.42515767327697,0.07112270610434968,1
1.7077313683629525,0.37223773679714867,0.20552565878505083,32.404270730470856,4.0,72.87316678404132,0.6405813668342698,0
1.2176156176052848,0.33807147688757955,0.20378389749710535,53.605767130217686,8.0,36.556432830968596,0.7300819844173245,0
1.5652125930191878,0.03629968191930482,0.023674487110439603,122.39588789147601,11.0,74.99314281099704,0.8540656064257981,0
2.694857594704037,0.05214075626718893,0.015353154633704747,121.87988110314856,13.0,66.5570453459206,0.9215124673764751,0
0.7908365503460284,0.5993271942698581,0.21099468609478694,27.27145583128114,9.0,25.66087229648143,0.53516208531625,0
1.9484154766783583,0.1180640501766298,0.03969400677478341,126.72025862836139,13.0,86.02951467601542,0.7968984204848728,0
0.778058469051151,0.3077932679839682,0.37147925128937254,37.499861718822814,9.0,34.09220759859677,0.6446028189187638,0
1.2020123950281665,0.22723038042600757,0.323779744119097,17.244186985844188,3.0,35.86447572083961,0.6482376731545234,0
1.0860878669736627,0.36234885944288553,0.5127558492389046,30.539854151491564,4.0,43.448751126411246,0.7456263553596361,0
2.613476924126965,0.11814895883275323,0.06534392090094952,130.89515955752034,10.0,63.448022156933206,0.8306230867921663,0
1.5392545232778096,0.20697596151778608,0.34259810976990024,32.57507861233919,3.0,38.579899562358285,0.4684580711437633,0
0.9345477961668667,0.22957606896129132,0.07498295224309091,37.31900404407,9.0,40.301852570990505,0.8362324837210022,0
0.1470291134636363,0.7542232199980076,0.6382626988902568,7.4727701776506645,10.0,88.52460495468719,0.21951479330959606,1
1.1870437063266301,0.3265782975831978,0.12468088124360795,45.663312959113696,10.0,70.45601676771085,0.7542467777479623,0
1.1887754561021797,0.3037255647630006,0.2372067501170862,75.09429025439022,9.0,51.31698377525368,0.6669013557948598,0
1.7557599779402513,0.3367230727834394,0.21299058650827135,74.71911332740657,6.0,54.20123997704868,0.8215558970100927,0
1.1588400694456475,0.4579892799735674,0.19480209105337398,31.262224214862137,4.0,42.85911997981098,0.6867952808020604,0
0.04419493466934555,0.6290468941814545,0.6909902409476922,3.15694544176771,13.0,95.642806727322,0.1587063980387764,1
1.0328000533915325,0.2626997403794704,0.1962671890232135,36.614830857162694,9.0,70.42651680181498,0.6605404609931791,0
0.8621225308474483,0.31818449250225056,0.10296153168126582,11.98420526466991,8.0,18.44433579420164,0.583266933218125,0
1.722658484880087,0.10167054768938842,0.0404034390740766,160.60868401204507,8.0,59.69331134554679,0.8195188864453143,0
0.6637030615188585,0.4699571010107139,0.33514364365650307,22.901331504054056,4.0,44.11937959709104,0.5531974555140141,0
1.3275095098070258,0.5818958762394676,0.3330712230002231,48.51074580112443,7.0,47.69389966650469,0.4583825202411261,0
0.8495979120577055,0.5956482377326754,0.16379987214671587,13.348004459279183,6.0,42.210230600611226,0.601682064302398,0
1.5056713236185608,0.26252351328104573,0.4517686729191652,33.98543594367072,5.0,79.95297173675125,0.6415229853094998,0
0.9546528856045702,0.2722242519972088,0.28598678146564915,57.009671624828364,6.0,71.04421252602707,0.5794949773377593,0
1.0485519826196867,0.4789741366140874,0.23392024554459948,40.50361205368992,9.0,40.000479426758986,0.6145930522104834,0
1.3200486997512901,0.18818621796457335,0.23011478821398745,68.42699561492887,8.0,54.47928329219981,0.8398890661781256,0
0.9106211587843159,0.5520796641191643,0.26022402907473186,47.108398089591475,4.0,22.32600061972414,0.6145698489864314,0
0.013887937357362351,0.9798385627383015,0.8827462245334283,0.5844087384080474,7.0,93.08649283453524,0.06750443208265909,1
0.1833059964603468,0.723819485586958,0.7874482690029858,4.721538046105801,8.0,83.67420152583009,0.16185894099394793,1
1.191966375227707,0.31965523913350746,0.26347671674571865,15.377521173639611,6.0,57.04718104271943,0.6087918612300789,0
0.10455351788478127,0.927398930689041,0.7529317498959357,1.3096662382468103,4.0,98.44272120912456,0.07677420482409811,1
1.304153110768503,0.49068411885146734,0.5070337419712483,5.757556487887317,3.0,43.68633122311733,0.49717723768110667,0
1.5206660329410755,0.04965884957705855,0.045654732299405226,146.99223560863942,10.0,83.36058943457132,0.844459411048206,0
0.8570172990006018,0.5738099972225045,0.4219220953767958,35.33720890559399,8.0,31.876747638040587,0.473598509867217,0
2.445227953911577,0.1041951265511547,0.042859291825091655,158.94827647392265,8.0,62.32470716501828,0.9557339692982743,0
0.8793859209327626,0.5054342755327036,0.1867103295390376,27.33131245371422,4.0,26.2812720415006,0.6846317741509764,0
1.2766986319012479,0.2107057560587414,0.2977841689243488,6.041398402609937,5.0,38.47313800929511,0.7459888179861456,0
2.5313009026648077,0.009474501345897958,0.02865937649138133,103.76389037987758,11.0,70.43771003660495,0.8535884429985903,0
1.7533095624190722,0.18733393837302534,0.01879035790364767,98.24310168152847,12.0,73.18423593383929,0.8770482286945612,0
0.018928376838117558,0.9047984808745735,0.7129379700287449,2.226433030346564,4.0,99.93925771388349,0.06868964611399431,1
1.1441290529123538,0.13400686130522663,0.1873295205689598,58.49475175881309,9.0,43.614286699176176,0.8315832012319743,0
0.029270222704875747,0.8212774982336444,0.7615502853092944,5.784401845863725,11.0,89.60233892720042,0.13075947892355905,1
1.382049551503704,0.35415688880585705,0.1494683325267803,23.348092209796366,9.0,29.986814518088963,0.6800182181985183,0
1.7923078749271006,0.21657302191548788,0.23539976572522098,24.15215905756395,7.0,49.65645399256125,0.4775506302805526,0
1.6976322493381013,0.0251327705737072,0.09522497158456833,161.9452291296796,13.0,60.72519071985385,0.8886041380099834,0
1.5252395959840501,0.47780183813247734,0.48231689248281046,24.552034250096,3.0,46.34407208497627,0.7341813219133109,0
0.052451404706295196,0.6816087766407359,0.7004850442248667,5.89709361417639,13.0,82.62899699890112,0.05999516601549887,1
1.1261023118092104,0.3361445412417353,0.12053349631638938,14.569310388437527,8.0,43.81522565046126,0.6231548179300064,0
0.8417042952907757,0.3198938452862925,0.21124401180695207,18.289196077586816,9.0,33.718066961314065,0.4349937744232558,0
1.6780073401613471,0.1229620040200074,0.2574966622462222,40.31414797315031,5.0,41.22183199749072,0.5887492588307194,0
1.754954005766375,0.21030387615284524,0.1027984300072645,39.172028816476505,11.0,69.25984003606368,0.7032269460245545,0
1.1330133433208183,0.21272881679052597,0.2588782593577486,75.133267802933,7.0,57.42611362916673,0.8155488629901524,0
1.462116106490881,0.4775212273373075,0.30690151542792027,23.323022066386287,6.0,34.76208261913534,0.49579865991614147,0
0.6790475491477329,0.34121893479458293,0.151577143283661,33.161295696082064,5.0,35.89127955158348,0.6428054359054735,0
0.7699887373491584,0.34982451569462747,0.23738725241409725,16.107394880883717,8.0,35.843875882431334,0.4304846328692848,0
0.5546371993308593,0.33371096222780733,0.10250988676829448,45.13682174573018,7.0,38.49481501148585,0.48949892953982443,0
1.7624138413397534,0.3507777274560884,0.2760607091945374,34.962614173226385,3.0,46.777884868742966,0.5016186565251504,0
1.8943069982396739,0.11648894830787548,0.0993522523145843,248.34727480576825,8.0,77.36595235926359,0.9649926359254015,0
0.7337407217726761,0.42465929676830694,0.34905059904498686,23.325029587679015,4.0,61.32000167182685,0.5348549571092803,0
1.067257815827237,0.431371074727699,0.22254953980292885,17.5102779841906,7.0,32.50237043823144,0.40781573571325214,0
1.8192698620501266,0.3322325042815898,0.11369310602438416,35.684355421320234,10.0,55.6343775194448,0.7069503882233139,0
1.3081848100379248,0.5660417817841894,0.3222896206912399,24.932016602937523,5.0,29.04964188052177,0.49972454017233503,0
0.7295917375788732,0.4919333310375772,0.2742585547256533,25.72563747021989,3.0,61.826412884138485,0.6393434594559011,0
1.6000492733662433,0.4251424934381387,0.5419665802167577,24.105661960008277,5.0,46.061271577943266,0.5993782839205601,0
1.0156656468369065,0.32812013890298863,0.5409941467316495,17.521656564283287,7.0,70.36452124011919,0.6077967353233489,0
0.5439716682229453,0.47732484656845675,0.4184543216968747,36.47129707185368,7.0,37.50109135014884,0.6496205222344076,0
0.8391070522180205,0.3405976927845786,0.2676972823620193,17.754338635683737,7.0,34.576246677869335,0.6693192208911174,0
1.4777940357953154,0.13467690078970232,0.12331837335211114,47.945724732293115,11.0,53.43045065167164,0.7459190752959215,0
1.528862544115397,0.14410056871360374,0.22812415259080526,46.075945562614635,6.0,43.9399448429643,0.7855618407829573,0
1.718046163279801,0.4875070549178886,0.3493490746678777,23.512375284452542,5.0,70.14035268670861,0.4503114471516413,0
1.2902752670742368,0.3439762173062283,0.38152294427643774,15.800594605561018,4.0,39.0095679801081,0.4270354731027487,0
1.5597268844775627,0.14741159538703116,0.2798492310919359,32.73246025639825,6.0,35.275120441373325,0.80648353858916,0
1.2751607637084423,0.1788841864757098,0.08243202672622639,77.10987334365707,11.0,45.95393457440947,0.6534597409375894,0
0.18573081294571486,0.7579642037853382,0.8781415731577961,1.2237511364256735,6.0,88.57994091022553,0.19735909864853116,1
1.6874569401621335,0.43923870650172014,0.5124739881858182,9.400636105444583,5.0,45.895457937826166,0.7162157823912476,0
0.9035854537306656,0.2809012278418741,0.4078321722839069,19.125364807975224,7.0,61.203898326467076,0.6985847031351001,0
1.1903312613561945,0.4725803029992093,0.2756005708982726,33.89626018938766,8.0,39.47593314929384,0.5597440238365663,0
1.3000449236989557,0.10090406119623524,0.06564277896153985,33.21154942756114,11.0,38.81413812731441,0.655510717255079,0
1.0840680448932036,0.4084794066922589,0.28703491802039593,8.078743610676622,7.0,27.667392072143492,0.44204753028338595,0
2.435319554464119,0.02701595844350482,0.06935404695867196,194.70756058463797,11.0,78.8905842775909,0.7685176381846766,0
1.3406219105358113,0.3313229933898926,0.3237718725262533,7.251674911640606,4.0,38.73868633625242,0.5265925424928132,0
1.797176612118136,0.11472813375914181,0.049799829079315676,178.6745105244836,9.0,83.93668259632315,0.7846451378606157,0
0.5682631055519006,0.5072660389293856,0.35045674965115536,19.55686908656046,5.0,22.48483664095997,0.4594422590295983,0
1.6048974472152917,0.09622462035262996,0.07822111952677951,207.15832192191596,8.0,70.68842216097124,0.9551392706599652,0
1.2820385306029785,0.2806194557918676,0.2787846009362748,85.05347301658952,5.0,50.6178604158784,0.6952640542840194,0
0.05763738003728078,0.9626102119829889,0.9478568867555665,3.059387249583282,10.0,92.6131366028105,0.08777331854483875,1
1.0339953590330966,0.48201144108529037,0.2156732493820827,20.901951804055432,7.0,64.96375059488598,0.6416203800421981,0
1.9265957018601134,0.060759323681988824,0.08743342563348133,84.07496043975243,14.0,71.22865001385253,0.922531692394615,0
0.6386815034755671,0.3070594897009887,0.43945317794504396,31.6919296356455,3.0,78.71082648421651,0.7033624498979092,0
0.6094376278753126,0.43888750909451,0.312545076545674,9.133096958177138,6.0,76.0416647862545,0.4525442593567193,0
2.15685605579813,0.07666396455548197,0.0729685708677378,174.008821092993,14.0,82.31055228682872,0.869842391031135,0
1.4716674149332305,0.17645931010314175,0.27685379664841836,32.16125589694131,11.0,63.48004107328206,0.7683621139067806,0
0.2989547536609469,0.7462035702299922,0.7969469515052607,4.105782358726308,5.0,81.20145142958046,0.11617547697694322,1
0.10633922058693487,0.9650316199229841,0.8885428590798752,0.6103024582400902,11.0,88.87603231084677,0.08531599618349048,1
1.4090042689491478,0.3857384482890319,0.4137828715141181,20.552659361411408,6.0,72.1401693460925,0.7392792517462786,0
2.746055908118897,0.010349949120776959,0.04776487695729708,230.676920068614,11.0,78.28248879614424,0.9213036548415332,0
0.9130758373353204,0.14768178933067952,0.2096827282243452,72.13574726536886,9.0,51.842196519828484,0.5770515929468474,0
0.8592783459962398,0.3026144091980201,0.4434143202667864,45.914512108201365,7.0,15.981839468687047,0.4054397951379298,0
0.6167185606759593,0.47228144097587577,0.165530719131448,23.472125377469705,9.0,24.348194682309455,0.6486792944462397,0
1.2882231758792602,0.17213405719080987,0.48277144654787,23.48933999753279,6.0,51.418940799626895,0.6906706963931838,0
1.454773329547704,0.35627733564614367,0.3165834751405272,42.81291345880396,4.0,27.676078654026917,0.6954275590095631,0
1.0501270478179645,0.5306451879792476,0.20275695838089952,41.19736658186513,9.0,24.251256454474493,0.4058649914928919,0
0.5725914263236652,0.5361210380782075,0.14424411027464362,24.57194043210903,5.0,24.80142772303583,0.5207521377683255,0
1.2488670731519007,0.21764735735446264,0.4378742945666694,7.313542504764856,6.0,69.60787643323997,0.5805210432990198,0
1.5469252693524669,0.022125893512440653,0.06201492866282963,121.07861448564458,8.0,75.65683839681441,0.9623588332724448,0
1.225404510352618,0.41288179550582504,0.30256067969151246,37.840978859233005,7.0,21.83812490570876,0.6832724458727648,0
0.18507627143257313,0.826784132816947,0.766976518717025,7.393328715342671,13.0,81.76526696369085,0.10863978456394714,1
0.8340125246856782,0.28511133869453165,0.2817325906399167,30.6086150670512,10.0,62.67828393798835,0.7443890127687365,0
1.221619619947117,0.2311668773608929,0.27078172050898086,46.92536703322743,5.0,55.83082431836675,0.6520416861065438,0
2.9931967088754554,0.15442097827091714,0.03109615099207662,196.90305835823574,8.0,79.68922279194044,0.8469604237909124,0
1.2420452991122173,0.26301212080121666,0.13675773982589756,59.18055480996206,6.0,53.318440406647234,0.5636741961002634,0
1.351649502334466,0.373466084544122,0.1934401248711607,41.95697966741078,6.0,15.100495888318454,0.5283741161469849,0
2.169375031741964,0.1728216707630691,0.07233203309671565,168.35812214829332,9.0,56.7632908400994,0.7857518503315963,0
0.9754883377948452,0.43532021743633753,0.12057638154845562,45.47983836617581,9.0,43.63523279453675,0.5368753434183602,0
1.6954183933623934,0.29003085797851336,0.41282135085201277,13.376078380484923,6.0,40.99413183915715,0.6094416785596726,0
2.0888590737628796,0.016009856729237004,0.07553301727947445,153.7424346448408,11.0,60.27355408346341,0.795231663057717,0
0.9749020042470101,0.29104552529528244,0.3669555617562891,12.359940388501924,3.0,33.310765980506794,0.653256927552073,0
2.7664085363736666,0.1791009154393769,0.04343492482252958,210.36884657822358,10.0,83.22395550785575,0.8271149056244376,0
2.5047209920237656,0.08743038377446616,0.08326781960578375,199.04506734038233,8.0,84.12909304883203,0.9511910893742005,0
1.3148901391841834,0.19871022317515807,0.12536541699700426,35.3424686808974,11.0,61.23661847895522,0.5909813208338967,0
1.3924994147299172,0.16267168470962645,0.5396515209816131,9.185207027187353,3.0,41.62811167762449,0.7424901845714174,0
1.513187413744788,0.13693214063526718,0.25402890038532067,27.795616599477903,8.0,37.28235667727845,0.7502286926753388,0
1.8845488496935645,0.1412288521521534,0.19451519079667312,81.58233956702352,7.0,49.80199042134642,0.8102744573847929,0
2.3447033153776644,0.1763814434277855,0.066683328569045,160.204556256954,12.0,66.2554436004308,0.7714715523593932,0
0.8966539360557358,0.28175272649033883,0.26601861768553725,35.74741294393683,9.0,42.80117870579309,0.5580567330779285,0
0.8015379983091323,0.4063751444358208,0.5324040393081632,27.2952824217859,6.0,65.0356290134186,0.5174212321364253,0
2.899400187680258,0.04077212546590878,0.052854172894245294,221.5822992924571,11.0,65.61207268221071,0.8599522606201166,0
0.8411020394230578,0.47116140440552223,0.4120515217184161,35.39996562564231,7.0,31.10715760400873,0.5037091091952574,0
0.17957519340028547,0.8362588729582704,0.6457137095574822,1.3752695666331913,5.0,96.93171121511749,0.09651509928689256,1
1.2519868881683613,0.37341851181471014,0.23775840942270018,13.029534742703197,7.0,25.59763850171005,0.49583099186103585,0
0.9891493882379894,0.3719784398239519,0.20995831416765504,25.572361295867065,4.0,48.45367221060874,0.561545382855712,0
1.9775147008927865,0.2680039305748967,0.24226547846000507,62.9318708740997,9.0,71.50947604724504,0.7431275146598388,0
1.5224257821651777,0.2800244477422533,0.42718592911966446,7.300395596553132,6.0,34.82594830851538,0.5244852422040684,0
0.907544162985219,0.47756802691840583,0.22855639241602588,17.438935407302697,4.0,58.83755961974022,0.5190782146843816,0
1.2110683105160196,0.31427013231896583,0.3508982497292341,25.516987312035493,3.0,78.60268993221527,0.49167117229476953,0
1.3760180336446064,0.3042024050623451,0.21896021522547032,16.895115401740917,7.0,75.01261050589449,0.6914840401174646,0
0.7984163617890574,0.28069363936247416,0.3683177206257526,26.62185160001385,4.0,40.134751554166215,0.46099661855047114,0
1.3047686144117243,0.15905184088322435,0.44340450932361497,19.879740624057302,3.0,61.2625503843921,0.5447003917128522,0
1.7982273134391744,0.4019467719613766,0.4141498991699178,28.31020859297795,3.0,55.965252978270414,0.4605851998253104,0
2.0085116109043186,0.06558477670614081,0.008973127774125123,84.28484101144757,9.0,62.074000505476334,0.9391623568541538,0
1.8743222639080805,0.023697050470960313,0.021679414573144474,126.67694138835608,9.0,73.51637877211115,0.7502474984815966,0
1.8219701915560982,0.11160601119440555,0.1811987875833545,71.12408222122338,6.0,70.82923353060593,0.6070287315245125,0
1.2196852608776125,0.58421511351053,0.2494553960679742,37.72765874085782,4.0,38.28696027357071,0.4651138909474779,0
0.796053727808011,0.46718980386433495,0.12450124616129642,15.167063094073146,5.0,25.69819194888651,0.4644165827756901,0
1.626133728582413,0.3625415952448099,0.2577069854287741,13.941437795022416,6.0,79.49667562947654,0.6403270897390966,0
2.81860316948844,0.019219046594376257,0.01535255220546139,170.75280225657326,11.0,57.36314680655953,0.7632017753500275,0
0.9565089317869613,0.32309633175990266,0.3704898827852148,35.72648558888886,8.0,29.941990060744637,0.5231491187862966,0
1.78564896359321,0.11976729434198893,0.17230726679749753,30.649799683427755,9.0,66.624059562224,0.8049575644740408,0
2.2399349637759998,0.016823066911376406,0.024366745405571356,223.410025409632,13.0,77.7202167546996,0.9175508138378388,0
0.0808673500301603,0.8834366986023171,0.8539267514899347,3.290304965187999,5.0,98.32312269678744,0.08052871042211412,1
0.07870764759398878,0.8527584888186842,0.7723222765077069,4.843554638326691,10.0,92.51228038917874,0.1715578378742429,1
2.4762183975660523,0.025636414636560814,0.09305942708769041,165.9731989072012,12.0,83.68347901595197,0.9134763576552658,0
1.3107202669888336,0.4822797900070255,0.31003462478204774,16.937642192144008,6.0,35.37621216858891,0.6887714559588839,0
1.7569369561391832,0.11299012229448838,0.057243051403384974,159.21747600680865,12.0,81.73731865023058,0.9498111791280166,0
1.2295197174103472,0.17677165233783138,0.28564059708917156,31.475712683795887,6.0,31.884484785752505,0.6710009008194862,0
1.6709002816630965,0.13184653043118752,0.22485592758057815,61.323669151411146,11.0,71.7519197192937,0.7920503341571365,0
1.695921156866146,0.10485569701468511,0.11828330315166839,60.12533070938603,6.0,58.82177514867183,0.825766629810715,0
2.2736335144320767,0.18723538632803924,0.09771927299143573,120.18127401520258,9.0,56.719117531251406,0.7884004581344396,0
2.54728458841487,0.0414041083049624,0.030207156878363853,147.00138212027656,8.0,69.58133715742018,0.7504151769187002,0
1.2531091965344228,0.35199803888878667,0.4070927396918985,19.580205711960648,4.0,49.16855016192343,0.4604919776362483,0
1.426938795357227,0.5918507844954111,0.3689110321949739,16.483530857537975,8.0,48.14995133856768,0.5998394091738914,0
1.3478793428104792,0.3036736997372467,0.2546919983298926,27.825580146307814,7.0,28.093174964055756,0.5759154238901499,0
2.2746891039534614,0.019039817392172798,0.07278432989687184,246.03289329682016,10.0,71.14231100431508,0.856194231203864,0
0.9794140873872068,0.18749980817699313,0.22932767967660106,38.084660782043095,11.0,58.254052302001725,0.6750103070704022,0
1.5492346941406725,0.21897810866438205,0.2052304349271019,56.03067437392427,6.0,53.80729092812065,0.6370927770123012,0
1.2683551488409681,0.223620258397966,0.4574283359944035,25.440231886025234,3.0,48.10929532734622,0.4638885484744126,0
2.5791944339264052,0.08641860795502075,0.06273088407024432,179.29665471516506,8.0,57.95555123989612,0.8539518505426524,0
1.8379460081735002,0.14480245043686965,0.08373834783054256,93.73351186942777,9.0,85.87271983033365,0.9493793010132947,0
0.7233538970142701,0.459301700118525,0.2324356604383405,28.178875400045218,6.0,41.71156516266005,0.48220629236255563,0
2.6341397215692792,0.16994603828024543,0.0998828610954805,118.07076315097291,9.0,65.04123447472092,0.8126082716829721,0
0.9662597498439263,0.4139533183120636,0.49609716780045626,15.429642432344512,7.0,33.06168409084339,0.6497180044718341,0
2.456685060201867,0.07028217027990762,0.021663343820587246,197.62046576000353,9.0,73.87089023249492,0.9837394542164627,0
1.5213077920469775,0.2588128743520804,0.33354557086754266,23.888114818896284,6.0,32.77404400579489,0.7400805121523752,0
0.9552357382879643,0.5082926799888646,0.3779136166253402,34.371950391381404,8.0,43.087763523960284,0.520061988302459,0
1.79878316506104,0.1457257959966706,0.06708697259890685,74.19648325935145,10.0,37.078100150322236,0.8177444257419042,0
2.2511117793035136,0.028779500510250158,0.0013936287708201545,119.0415250998054,10.0,59.61377762252823,0.9194146684032144,0
0.5848378095814444,0.4147966511442411,0.19141022940580676,47.986109280601575,7.0,41.693480049162936,0.5160116090536522,0
1.8254322416506354,0.1999878077668727,0.21714636145524607,55.01590158824486,6.0,55.996415198196544,0.7827177442066834,0
1.238843045933042,0.5145372070371053,0.19331199746721217,31.35078162368735,6.0,23.733292644035366,0.6207939352044028,0
2.7562136156816655,0.023500876450520305,0.005982433731729919,221.9003029355791,14.0,73.72143535415546,0.9789362144696774,0
0.9347434757602862,0.2962404783220444,0.1887063500941421,48.034847024652166,11.0,59.33801479175031,0.6496303563523015,0
1.8603734224194626,0.05478123372120905,0.0032809999497728673,127.49031807293395,9.0,68.25173246020815,0.8462919343389923,0
1.1318864163882834,0.10755248706051762,0.2539583388316514,38.234510610198,8.0,65.23510923303523,0.6550129667118937,0
0.691859723733041,0.5965986166230246,0.20604870521602608,17.326691613071578,8.0,28.084851668122162,0.5817546685994733,0
0.884587406428303,0.2708191536294853,0.05040771190746622,75.6811383670427,7.0,64.84416928286005,0.7809250502051948,0
1.0929034439608096,0.28156063966648126,0.5199240604816667,30.10220862859563,3.0,33.32440427872234,0.523001663411658,0
0.6520359076945709,0.4964805980527067,0.253356675919736,22.04435903446192,4.0,23.432391818310734,0.6469989957570128,0
2.894448281586336,0.189498609008957,0.031471744746536336,140.3780307889582,14.0,70.83575821921653,0.8540404200168227,0
1.0137609724900836,0.12523779982452837,0.24120323708896002,87.69408106876318,8.0,42.45821172778311,0.6157815252769273,0
2.6660380699915383,0.10353230425754581,0.04906079155118719,170.05676325102465,9.0,73.77988047519813,0.8586407711744226,0
1.360170156349167,0.3864128374492407,0.2850850718326189,29.02658000046404,7.0,48.60081402825259,0.5182086340551562,0
1.7554786321677434,0.013827632493222898,0.07278808919985219,128.97019468276392,8.0,57.32393976651461,0.9656369501020814,0
2.983699504025408,0.11119388560568969,0.08390697308817135,248.35468293546634,9.0,59.955856099907116,0.8620614033135878,0
1.8488549107933105,0.07350236202302561,0.03663924498262474,135.67424595013273,11.0,79.00101709095809,0.8242191186428214,0
1.7176690629701095,0.21184601820103,0.23737874438456763,98.15532428696662,6.0,60.701035515541335,0.8255993845183885,0
2.5892701925758517,0.09221988603098152,0.06599513011292789,181.94821064171836,10.0,71.54743904656493,0.9875152736561092,0
1.5210192516884353,0.20936115012497925,0.27986832712752285,87.99505706478911,8.0,60.1806628561375,0.740502374758242,0
1.435928711380979,0.4765957955976929,0.301998104157837,20.794350300584526,8.0,39.83696219073251,0.6645857565268466,0
0.6951200554537248,0.541251400320892,0.22395760123812186,28.302759171293257,4.0,39.0131874909126,0.6343100222657266,0
1.1694307137630564,0.3017823308642349,0.4959709789118676,9.658257126440406,3.0,60.930078867771186,0.7053663924208112,0
0.750682989509059,0.46622132906740454,0.21143518646498444,31.27174831610679,6.0,49.04828187491701,0.5367090580063552,0
1.1460031301898939,0.2297251333597065,0.36537526638861795,7.124953899120175,4.0,66.54791873672306,0.6780947358645083,0
1.96563082890261,0.23825325158610144,0.11773009834657812,61.67316365082059,9.0,67.16004641052271,0.5804305152563263,0
1.1187533111906796,0.27530918732938947,0.4855608866241546,27.71180895607312,4.0,47.06859313050636,0.46166639689876265,0
1.7202956022321063,0.17216019472410724,0.08231246099500948,171.62010026491177,12.0,83.6719957752893,0.7731890193561237,0
1.0262907850003749,0.5850159467026463,0.24852785130224783,41.09906295870045,6.0,20.877768393049628,0.4857377431331791,0
1.2154142057479138,0.2157853132873867,0.2543204005028393,7.269342910954718,5.0,70.98196524492761,0.6166158754738984,0
1.490624773368495,0.5120334772528021,0.2257145572237071,23.603099700722346,9.0,16.28492656531574,0.558344920606375,0
1.2917749207051914,0.3436792914850594,0.3371858064486891,38.95492031767239,6.0,45.61020647451488,0.4914134809908101,0
1.6753223238444468,0.30177788084006707,0.5367510018645482,24.574639419319475,6.0,35.472856377139706,0.6027816225560051,0
1.9815288519211158,0.16197542245779573,0.06898709147630187,67.14556927008833,11.0,47.89355091232177,0.5521256062509845,0
2.0180750897542383,0.10678112654447458,0.07718605408439258,144.4075525791527,10.0,88.81709188788616,0.8804950285295127,0
1.3807620864982253,0.2871739275361459,0.4488886316698245,29.4857980721106,4.0,45.164993744327866,0.7478490194721088,0
0.053604613122374814,0.7337471422499322,0.7899899259617069,2.1810144468544466,9.0,88.21291994408263,0.07553637365669383,1
1.0583288868357084,0.30449268178097816,0.40143471554064103,34.03876858588984,4.0,32.28723871551301,0.5855207313724788,0
0.3205668075982082,0.8168390534184662,0.7513815819408061,4.795866098241933,9.0,92.91713062913408,0.18915321786890812,1
1.579916456269395,0.4177674914540336,0.46979630460581173,31.65521171786496,6.0,34.20892712402448,0.6591574714122309,0
1.8574798588060508,0.23675405705158337,0.25497128045492523,63.34794650595213,7.0,53.981203567515635,0.8096295566866301,0
1.0680203824333332,0.5404073137548548,0.266478237363032,16.054422767962677,9.0,37.39451900429911,0.4240840980987835,0
2.834848510608497,0.06286958852598097,0.04016616340093764,125.57446781949368,13.0,76.22047893674505,0.9847013385517596,0
0.7462352426837077,0.33822922828156154,0.3733816552539029,18.775030491497944,4.0,43.88247472772565,0.551797340143258,0
1.405547048435459,0.4690408488187444,0.12374707401639833,19.37466824676978,8.0,39.78766431430674,0.548222388392702,0
1.5280168231273823,0.19794493025387816,0.4535368077255014,7.924590481839639,7.0,75.66253043134338,0.6411930547534878,0
2.295661769404618,0.11870311848843845,0.0021831391645811605,167.57267406385213,13.0,69.74480446891391,0.7750718496238126,0
2.718774510371947,0.14727081942940445,0.022195403956094907,156.7066000067352,13.0,71.19796282358747,0.9566026374931773,0
0.10580817630837018,0.9315073656440278,0.9068427746324669,0.0,6.0,97.07593425889895,0.0783800986077012,1
0.5052163210648943,0.4911312219866916,0.1377348457606471,28.10743341664628,7.0,28.73340380402602,0.5611232067000402,0
2.929462742340155,0.13015891794354736,0.011589886531924942,230.46580799855613,12.0,59.95736387905168,0.7881725334603552,0
2.369497078965089,0.12535321286543213,0.03532895494369468,195.51248710387767,13.0,89.93799683912488,0.8731157292501083,0
0.9012138733259736,0.11631930861966497,0.0687304240648672,69.2419560468214,8.0,51.11850967082023,0.6834507277845585,0
1.8709006246191666,0.11117548097515223,0.029741195909358,136.06351452375543,11.0,78.86635667734757,0.9936476033127765,0
0.8640015700489131,0.284464295340102,0.09275087080903759,56.92843928101878,10.0,42.378863367164236,0.578366605199019,0
1.3692078108304946,0.4077038496431395,0.251402450485354,16.638016379870322,7.0,34.36893726662612,0.6106165187285748,0
2.051856510332726,0.043837843295726465,0.020837934143501505,207.75343779713734,11.0,59.16186218118862,0.7714955875277363,0
1.097477596656598,0.4641309197566026,0.16448238248971075,45.04840843204229,4.0,23.86254750861556,0.46206487927032014,0
1.8162005300133581,0.1947106392432772,0.25538880815972315,58.17921954257092,5.0,65.1400225378244,0.590584578553357,0
1.9015310019474436,0.20172148997871342,0.13203587900869856,31.48631471840384,10.0,69.5529980105502,0.5623459600157201,0
0.7878302964393745,0.5435540538446055,0.3998968621612813,19.223120853636882,5.0,44.70564533970836,0.527346030244753,0
1.122874656856935,0.4832847099365808,0.3939256683496636,13.715037097004533,9.0,32.00893263187318,0.41324354466769214,0
1.4199356502536298,0.4257108070861042,0.5363571430045471,13.862214749724632,3.0,54.68182042821236,0.4586882790243895,0
1.186771355488771,0.21229397626349925,0.4638247375162672,12.378016415373407,5.0,35.46111746701495,0.6661819370891615,0
1.8895342958531085,0.24299020945203464,0.1440701860871328,68.55082513819303,11.0,69.44949368073817,0.7956531654827323,0
0.5271399588841803,0.546213505233523,0.16886532132162926,41.01352534112542,5.0,39.68068495045877,0.6906441172789471,0
1.8366238390120295,0.009192649868028013,0.03522124935651242,200.9395891106562,10.0,70.37124796220772,0.9110023503624671,0
0.5593311657249674,0.5309261863392718,0.19394742628645012,24.360930244389426,6.0,44.35204941776985,0.5682186358977291,0
1.8151306857353005,0.19584864791735887,0.009807982709093244,220.96759400453027,11.0,75.79335954329157,0.811213686798429,0
1.343685564201953,0.49597370318772627,0.2762869104631871,24.368302911734812,4.0,33.2867527180518,0.5082495643354755,0
1.194237202111465,0.37616494841062437,0.12232212726125387,24.17001590421743,9.0,39.50897396053141,0.6459347486979516,0
2.5803240435039956,0.12830944066817132,0.07902431553894351,186.20930789638058,12.0,73.81276818880215,0.9015491072219527,0
1.436570147907959,0.32372947059638013,0.19312239394719505,70.63125599079476,6.0,39.89635390921868,0.7524781302431678,0
1.2980427344855086,0.5795143440147739,0.24609553881949534,38.153171112832226,7.0,33.709318227408325,0.406541433334156,0
2.179919874750245,0.12690805299035943,0.03432924623789078,151.4649011558971,8.0,88.57232454956016,0.9379907803937289,0
1.9097807872513144,0.01010393927440103,0.05945676088908644,130.1083828444697,10.0,84.26858118949104,0.754540135978591,0
0.2719078596260779,0.7947304193099886,0.8227078021744815,7.9375082909191885,4.0,83.79140617419746,0.12528155342409278,1
1.222448636052105,0.23434965639233515,0.16140000742533217,25.43875170052054,5.0,64.90023551055812,0.6023657150725814,0
2.397251820061162,0.17962401610021891,0.09950094173238104,93.38635928009592,10.0,68.46392154314695,0.7951765489417024,0
1.5301202242768244,0.41461702208745854,0.40428855479026077,7.542744371446775,4.0,69.10708786610363,0.6148129302569588,0
1.2464045080635908,0.24395840464545093,0.1918401397535146,87.15531543952842,7.0,46.8554995517205,0.6405356301236835,0
1.0133433290969296,0.28284847794373547,0.2893981085485429,47.69974917860722,11.0,50.13504059221484,0.60991704910631,0
1.2324191001932587,0.37850671893619414,0.4510219074081536,16.063682281888433,6.0,39.107128328395426,0.6173446647158054,0
1.7450875502241816,0.13366614815903075,0.03767340078748765,185.18151228883914,11.0,56.40332534554716,0.8654317992961273,0
0.7837910190415844,0.22709851985799678,0.2226826946186493,8.458567258972138,4.0,43.9893405838626,0.5421076618018693,0
2.6472053289108515,0.17534215945292386,0.09016418535664385,247.3766634026282,12.0,88.35496964687934,0.7679555351257211,0
0.15807602770250234,0.8263468231665212,0.8623084515609388,0.3922263886881945,8.0,91.37227542220565,0.21053473736558448,1
0.9779308839564597,0.42600892175494554,0.14501972969245136,9.632356692507303,7.0,16.24105544321286,0.5050537054083601,0
1.1421867401190435,0.45374063653988983,0.5368175529880483,30.32493919220692,5.0,72.08283817094743,0.5097045332866383,0
1.5151428647060734,0.26714773657685437,0.2962909768217722,28.443449243555886,6.0,71.04206884072318,0.5031400649160116,0
1.463657442610793,0.5734461615704368,0.44051678507397696,49.870622032799965,6.0,38.443003331334026,0.5355056487417234,0
1.7138781553227966,0.3727902261849383,0.5482229557287246,5.9984470963895244,7.0,71.74198380717812,0.7071032008566784,0
0.799865819145811,0.2514861837887592,0.4673399268583824,17.282021736387673,6.0,65.13566209966288,0.672027397499546,0
1.5663094355966498,0.3249001643458342,0.07731779150818886,71.71382243921312,8.0,68.97847274576645,0.64927623394434,0
1.3193440357788087,0.26711826313044185,0.4292571031086594,9.370927968971813,5.0,79.70577973168348,0.6816129874360186,0
1.5915084282454623,0.19903668627207505,0.15348295204404594,70.39332706131887,9.0,57.574132277964964,0.7026282646657539,0
1.6600556098126762,0.3376470960122733,0.1921649544620806,47.09658293407551,7.0,54.58115197321909,0.7341141450177757,0
2.330369100986994,0.11184143214908271,0.03039500980626122,85.2390318765497,10.0,62.510463548683525,0.8521321609311591,0
1.6235135172232829,0.38453981200448495,0.3009806362967249,34.2505608758311,4.0,55.83776209132294,0.5710528884759765,0
1.627239626647126,0.16624124629020653,0.3097283622346359,32.77589195861647,6.0,77.4872571364756,0.7475701621427768,0
1.7713266454831356,0.04338322456115767,0.009518753833697415,80.09658197402055,12.0,81.92349034543776,0.933366610699959,0
0.8596865186252822,0.18197023019494596,0.26746417867789396,93.77174393963384,5.0,73.25359760293671,0.8125725427635928,0
0.556120911050585,0.4594029315810918,0.11386954151044552,41.7111251958067,4.0,32.25367241310337,0.6183863100017433,0
2.330971688725289,0.0042312022846586975,0.03163614573367152,110.09023989062797,11.0,77.95555013439942,0.8187577601575632,0
1.1461911237703373,0.14497161617563195,0.2695957192967239,78.26252053740222,11.0,70.17738583814673,0.5865070862122269,0
1.017211820804207,0.19821445965029166,0.21177969701839156,56.47439446071259,11.0,36.16286456675188,0.6719794431105889,0
0.7874962887966661,0.49235694906672434,0.35379049108804195,19.065136327952946,4.0,26.521778487283193,0.47407277143823956,0
1.2964660083970263,0.24361691481783956,0.16874936267859347,64.87423213516641,8.0,37.692162826759855,0.8191851002599304,0
2.2718745778282963,0.0024939755882426476,0.07960285563103785,168.43911139781895,13.0,69.27865006261979,0.773517990772349,0
1.0726218716131959,0.4118817414264687,0.11082270597831968,46.429135525684416,4.0,26.450483130031476,0.6114332203945289,0
2.6206663090311166,0.026150362675263716,0.08069442243540358,239.27423898226212,11.0,76.22862351427807,0.9275897980057073,0
1.2567498124509318,0.5237057376304954,0.19504787969042714,15.60701428607462,9.0,31.794556813208715,0.572134224119103,0
0.831111473709133,0.10007860491102175,0.13759177367873698,52.46172758518149,8.0,70.35348944394526,0.8237747643091906,0
1.384915663184482,0.3415208397048606,0.11900859655124758,37.58601940910329,4.0,30.86501262388535,0.6515094662809253,0
0.04582997697716389,0.9578930293557181,0.7214644145720726,1.37113155572465,8.0,96.58899174222003,0.04793019735636306,1
1.537476729554313,0.10259952537753514,0.20192387735461576,80.11372404887025,8.0,65.74920129606302,0.5676927311169884,0
1.2536181288036188,0.33750861580103364,0.17081562052210425,33.117282762765115,9.0,62.51307317504903,0.8390138049155563,0
1.7158244988742926,0.16131646077732492,0.07119368569306118,56.03498574131106,7.0,65.93517152553936,0.8051685830760225,0
2.351172170323985,0.07944666029456482,0.04450160548539922,90.72991901965807,9.0,88.90633124765596,0.8276635462702707,0
1.5990222288914953,0.49766714342868956,0.3128838603029489,32.05863391185106,5.0,33.400334515977654,0.5502476792561674,0
0.7128130502014017,0.4343842313944166,0.17094617632193432,8.92302051552282,9.0,49.33160738444684,0.4777439547130615,0
2.0495032328348044,0.14770214253732572,0.040314020411908194,175.50921811070987,9.0,72.8126953112974,0.9767715817273771,0
0.8282408280993258,0.5033616880693588,0.13805096389022575,10.6414321774202,9.0,28.922115239982258,0.6405475109648143,0
1.1694801882130283,0.5348573149936275,0.1280515234546896,8.945791363800366,5.0,28.824870856039702,0.5400119830246276,0
0.9696721136933193,0.2295951618192422,0.07415637274223559,72.44284148394904,5.0,37.517200518821866,0.8333442568968241,0
1.7578542103660841,0.32175975508263815,0.14631176522261158,99.73789447259192,9.0,55.75082332865236,0.6937820146888748,0
1.3945896095224188,0.18907937091423482,0.19014986876659806,61.04568613695908,8.0,61.67848654253625,0.6454192441326039,0
1.1716827427354635,0.21210034123335378,0.3707805703901794,8.069387752491476,6.0,58.02686166332524,0.5713517697500266,0
1.2225065099566117,0.47295608896952435,0.2701426453690994,8.215595291365933,3.0,71.26382809914759,0.5880809542241265,0
1.897519093246114,0.27822157285802523,0.16590643872500294,98.08315292380776,5.0,36.572775321330816,0.8460676607614024,0
2.2479593203144725,0.09873441525412917,0.09708847285457378,144.72450140691467,13.0,68.91337585942475,0.8961881757012342,0
1.1073136380274757,0.23284395971167338,0.5153644018252042,25.121687053023205,4.0,50.836462239150705,0.5321435198584683,0
1.019273217845731,0.32084529552288066,0.16122520449170796,69.30803114781511,9.0,49.415274413200414,0.6366223105719409,0
2.7087254420259335,0.17903282355474792,0.0070114432044183885,177.71952431081962,10.0,76.49986476650524,0.8618189217270673,0
2.9668754686107603,0.08231520043881198,0.07936821505599727,94.41927629301145,9.0,83.07209254450035,0.9811754168049722,0
1.414842348702632,0.39809673429008674,0.30274096050824845,44.85342608121956,9.0,16.42566426819236,0.6828372292382987,0
0.8684394885948181,0.33092475295789675,0.42345575853670864,11.43348534433041,3.0,48.778170512507074,0.5149016430407124,0
2.014070464132434,0.035447100249854514,0.06780940608798283,223.8212854223445,12.0,70.73714409479382,0.9731219224218316,0
1.7519069708982955,0.14816304632715735,0.07847089091881483,103.23276453240115,13.0,68.77099758959126,0.9732262488406708,0
1.0216274951461692,0.44494000302063696,0.504414618608577,14.288386091237781,5.0,58.86952961758216,0.7450266776278298,0
1.034503506092747,0.33984481807880773,0.24020971008030179,73.07092540939176,6.0,62.04075840357513,0.6494422970977373,0
0.046635858741472566,0.9263719721401562,0.7349497991886164,2.9496037820775247,8.0,96.40363548572459,0.10148195935733961,1
1.48225622605975,0.15857390020298093,0.23255343378621846,96.22265411325624,11.0,70.08701465515665,0.7058758172715012,0
1.0569716467824244,0.19720662393273095,0.2382181615454581,5.190859170016577,4.0,67.1977720385861,0.7444186157705012,0
0.02061059960889801,0.9578886473829304,0.7211218761906336,0.32440353137246447,11.0,93.59550088675759,0.11946085188617216,1
1.3637195199080856,0.3066168201930147,0.2518741723835924,36.56200128190936,5.0,18.86454103988827,0.637676079105225,0
2.9518600972250404,0.011520210075794957,0.09228643629251906,176.52793551023836,14.0,79.65389076421083,0.7872960459715871,0
1.9972105368437867,0.31736428080867224,0.270711875866551,96.34599607049631,10.0,52.53265237657951,0.6360506664040457,0
1.5007781162485583,0.08726333193885263,0.07746238812922299,85.92251954758567,10.0,83.80945610956653,0.7920002121444678,0
2.37840564219837,0.15629316788048433,0.03772818390613632,82.10752636568532,13.0,72.75165417605751,0.8592473220778629,0
1.1337760945639652,0.3319619754569535,0.09126965052195309,99.11323184178626,8.0,38.5356094166999,0.6246071142363595,0
0.8342950734546952,0.3916268091837894,0.33721186537147263,10.482600153156024,6.0,77.18923757981646,0.6020396240596815,0
1.3071740396633125,0.34346245337143666,0.28306046098188287,25.34335985976275,7.0,32.154131390606516,0.6948185389109873,0
0.6196304552410429,0.5270846546376196,0.21701405178544464,12.916069375600197,6.0,29.767667437352852,0.5646258633175812,0
1.5934551856120587,0.45564884533934435,0.3681696074305848,34.56985723666315,6.0,55.5234832710704,0.4707862786041319,0
1.1606588151171318,0.5967705747053227,0.3343077777466802,30.05398142595956,4.0,33.23219767310335,0.5130751445366655,0
1.7190088227160296,0.2856422654389128,0.11168903481930241,37.06197717309145,7.0,66.02413568906525,0.7585190169744935,0
0.8676174474321287,0.34100963654714667,0.41598034370307047,20.963825956914818,5.0,79.76890088270622,0.701218796941669,0
1.2931983742071567,0.3466537803036817,0.29490347377897974,42.17449156862135,9.0,22.26887881197362,0.40072341922950333,0
0.8585056272490181,0.3495915442612569,0.1395085436131353,19.604928468314032,5.0,22.35023127342794,0.5031013243854301,0
1.9217085812549348,0.2969649880084675,0.26340854803683983,54.77160213786254,9.0,57.03326660121066,0.7355620709509597,0
2.3135466034533074,0.033062264673458235,0.025325547440019736,107.25304424698388,8.0,75.44797510214264,0.9337823568799084,0
0.7269212805123926,0.18326868235274812,0.4306967015912634,23.37864436380646,4.0,55.01632240795697,0.4959410558063615,0
0.6954368429769653,0.29183423688582066,0.5031670629365381,26.102177974316383,7.0,34.12277587554833,0.49797215991785276,0
1.3285428142595201,0.30890831476333114,0.20139791089869347,30.15537264838086,9.0,47.47085835111668,0.7424937036734898,0
2.294437861439226,0.1413391842626452,0.05752949526285022,95.82858624595025,9.0,84.55430149579506,0.7937444593718721,0
1.4111603758697862,0.10509211842109442,0.17576145120691944,89.19781001305937,10.0,66.82834488500019,0.6671454969305564,0
0.7749842081056972,0.3024001296986497,0.5303926924502271,11.83382079961416,3.0,32.49217720172707,0.6654299355800786,0
1.8564258584153783,0.3435552082088291,0.16076299983958675,50.83786387581601,9.0,65.13238462385269,0.7128622864285944,0
1.3310401919113302,0.48600712172572325,0.5052586992913252,15.462198450581944,5.0,72.99532226454173,0.7375433442280367,0
1.2075949565651565,0.14508843040862077,0.2290249926646868,51.78366969224639,5.0,69.07471422986177,0.6222931480789352,0
1.7679062635456766,0.18078083775909579,0.05494936128000582,105.50672830219573,14.0,78.09951854829899,0.9312042055617182,0
1.3465716541300852,0.1297144973925575,0.1922933566846941,36.73216210250239,10.0,37.43833335591424,0.6996003500286583,0
1.4945983291084821,0.40936405462813286,0.43035377541319286,15.044504220385697,6.0,17.558914400321,0.5173808222752452,0
0.1659250369337035,0.9386963731422608,0.9848938849585395,0.0,7.0,97.84693854690947,0.07717067605502925,1
2.223858762880941,0.15372551789187583,0.08520155168811691,165.81455209359467,11.0,75.54933791879432,0.9625685747084305,0
1.730420092788088,0.023098012733070994,0.0021148016336440035,89.41721955792423,14.0,61.11245148275484,0.7633454831567938,0
0.6959020294992844,0.31191446660611244,0.4280846900360466,23.422647042342135,3.0,32.71769439455285,0.4786019057724603,0
0.05247359599436925,0.6571261798500835,0.5631135562332882,3.7945381665728863,6.0,88.75740782635683,0.10598272107711706,1
2.7884742908365707,0.18251654882838625,0.021214740752330142,159.86615098972072,14.0,80.67232165969904,0.9695914334527004,0
0.5466469042586127,0.47662754231229887,0.30137376711030767,41.028389689497274,8.0,20.195506814714218,0.45381111761881116,0
0.8517982616417863,0.43863159755960485,0.15840489182794876,15.951788869750548,6.0,23.057397557276772,0.6341540018728817,0
1.0843924473886135,0.5037340099716203,0.28597206364430816,41.874396401140615,7.0,28.394869025917043,0.6070075936691832,0
0.01682259895627791,0.8634154043699935,0.8316576205565145,3.691539031395335,10.0,92.29864082821419,0.11178355525689318,1
1.0374747246397256,0.4005483747986065,0.37473630244223144,34.86053856112325,6.0,38.10179693868264,0.4510486024199747,0
0.8165198775297873,0.3677732132416638,0.4308293402419666,20.31275748942859,5.0,58.809879221092416,0.6430157259099716,0
2.099514202745455,0.13708554415220284,0.002322758234675848,148.0104458429084,12.0,76.3579605551636,0.8609857215989941,0
0.9037368959225676,0.2069735657948118,0.09183931732776222,50.98050594808065,8.0,44.83710602356544,0.7335683864026207,0
1.9960154954195288,0.0254451923783656,0.018871221002891927,224.5885494166308,14.0,62.97537252934919,0.9398352750055968,0
1.0812395946554776,0.4450341635321335,0.19143972306377588,41.26676675383449,5.0,23.477994384060608,0.6524765790259209,0
0.8687542218360769,0.353146523023809,0.2763217099296126,5.090809696272234,6.0,39.65719161775452,0.5612763531598302,0
0.06608026606610921,0.9875027789020314,0.9439772776727321,0.0,3.0,99.43484569305487,0.06777506838796918,1
0.6362118634995395,0.21293799947954173,0.23590775029234448,10.877976607045825,4.0,69.78022107245017,0.5378496402091295,0
1.091477341070369,0.539196374204546,0.4417828753966552,24.420311934665435,8.0,20.247976192441314,0.4406190435114873,0
1.4595605728318963,0.25066016308144623,0.06387149663107868,37.64640713736759,10.0,47.08205037663407,0.593474247057502,0
1.917987034271645,0.23259988485462593,0.09456150078777338,73.4460678187664,9.0,42.67690834061376,0.569060004488601,0
2.187564436742269,0.01855709082534789,0.05620091747128678,101.51584466107325,12.0,72.76869491116223,0.9308578420943217,0
0.031413106822530734,0.8582398626044254,0.8191976099586951,5.596130078597875,12.0,85.67373875717581,0.1456901231105718,1
1.990696648775899,0.28859026718291236,0.26304479875186265,87.42747688487506,10.0,64.21063049120187,0.7905405449967672,0
0.9867146685010943,0.22438991432913985,0.12760041475751716,77.07872603151631,9.0,44.62613902263058,0.7818388505425506,0
0.7840661922031963,0.491377124880247,0.4341467191671111,38.53612722308141,7.0,39.10830010797069,0.631761373736319,0
0.10650969451547208,0.9746663999150037,0.9737349718369961,0.0,5.0,99.66019847591289,0.09694339548148875,1
1.1306563662208533,0.3333773262965887,0.4092212018113078,13.251126790690101,4.0,64.9280973302258,0.6075229476975827,0
0.6218117798027528,0.48328302529313616,0.3370565761614578,30.13977217234601,6.0,57.23564591105419,0.6193948629100097,0
0.7438321193764973,0.5601290446441534,0.18645694334074936,25.451103422135606,5.0,27.877299051288663,0.6694185467674817,0
0.7299617577227361,0.21602663791881171,0.5283164055483978,25.00407904092386,7.0,42.84234707338919,0.7071040007402771,0
1.795113271125947,0.07544119657660078,0.039410698259311865,102.28847781445738,10.0,78.9596725687787,0.8348694385522257,0
2.5650014118338182,0.1432261881985676,0.08750998970614726,184.3129239579771,13.0,58.482837500291,0.9015626548625354,0
2.155692063299701,0.15122416194861488,0.09976673923386359,107.26618509151514,14.0,62.08418478263168,0.8848594396660974,0
1.2507025509358412,0.4520291819010698,0.4238770066887131,49.59011250192294,8.0,19.405244908723173,0.50897145359436,0
1.9055114557914585,0.17874862574325442,0.04259709648128493,135.72731251797762,10.0,72.58792172673012,0.85443582159071,0
0.833635037126335,0.5884599727623412,0.2776266154635135,42.55107558707794,4.0,19.524308106338967,0.48042363472291144,0
0.9854937097982361,0.24583671470647797,0.29372710184076756,6.517862540670683,5.0,31.28254584845025,0.6865222867405119,0
0.7164086535536269,0.15677917311081224,0.2288451767472214,15.946046779273178,5.0,78.75081639374088,0.6141740996428091,0
0.8147081622380327,0.25805738427207997,0.2996738731300957,47.091201534249436,11.0,46.27067831305413,0.6776246424331142,0
0.7898916718791001,0.5110761771534768,0.38702257080804847,27.548507584086533,8.0,45.76839077169597,0.4590864008996475,0
0.5506666292828704,0.43460601557753875,0.16007312942009727,13.163675568889094,5.0,35.547289467208074,0.5516967668920647,0
0.03902295761133161,0.9154079828599287,0.7505025134581594,3.8580195043859975,4.0,95.78815964409769,0.09347316551086676,1
0.01594148928521549,0.7556673781014196,0.5237396182324175,4.4852688801401,7.0,98.04960158751264,0.07835886440023931,1
0.07361134849119615,0.9856466054828261,0.8430562120316352,1.3788358471935513,11.0,90.33633989075008,0.08629863166423077,1
1.5135034631633757,0.2994835292947172,0.2442948707078197,90.16012668951652,6.0,53.63005526860295,0.5528003719660075,0
0.019417086786640694,0.9100633408390453,0.7019222863348785,1.2329380453416614,7.0,94.67659086993613,0.11093553148543628,1
1.1180091103824286,0.3934161936623135,0.16037917819439676,44.5134354413052,6.0,48.97914274499974,0.5375751471628962,0
2.9862146483266834,0.18570523501146582,0.050421935553776866,170.41005548224882,14.0,82.08788035231797,0.9411891719831622,0
0.7599596867249087,0.5519685533562898,0.31030034250987043,33.29218667075163,8.0,25.357081189168408,0.4780519265670844,0
2.956702727703492,0.05176712744747994,0.05045452397039372,226.1202346075853,9.0,64.78205807495664,0.9638688408544704,0
1.2938881619575944,0.2682428576457706,0.2952414052235269,9.530768198943559,5.0,36.977183310307986,0.6634383347142353,0
1.4568927778215226,0.3535885856838727,0.4326189465130301,10.696042245412105,7.0,18.15689349528428,0.5704002925594409,0
1.1851556550730924,0.2443028489288774,0.3962227731479423,31.352439993355144,5.0,44.34197608682159,0.4685942916006945,0
2.647000842842999,0.15251801839252815,0.04806076309423066,157.5968730674262,13.0,63.40791966521511,0.9112047985898226,0
2.3355482285119176,0.1567796418212827,0.06643135403273875,149.085766444812,10.0,60.84405219676964,0.7556780182834651,0
0.00673295525502688,0.8835309613416311,0.7045359895914364,4.267628296627173,13.0,89.87482169456243,0.16328154641239978,1
2.4295027889547924,0.18658015648265067,0.09808211455330343,91.83890822053709,9.0,59.82991310717669,0.9476844934739985,0
1.621432374302974,0.14543239195298155,0.05352366136546395,50.08471691539141,9.0,41.112530562088295,0.6155233999358638,0
0.5138476459739679,0.4805573217708965,0.4316158285090479,23.12223135475337,4.0,33.44843312103619,0.6087350990425479,0
2.6803370721750417,0.18263075006944157,0.024672505347947127,205.20894700932098,10.0,73.30816747477603,0.79713255846854,0
0.9907845441119429,0.5165712542933958,0.4280701624688352,34.64149036716456,4.0,32.489565089369925,0.44588849175124834,0
1.57538073983564,0.1746156602536649,0.40029532165470916,32.7289523904341,3.0,78.00503148315579,0.5162055290187316,0
1.4164622494004646,0.23861247049913187,0.11311281467414779,70.12287768541472,5.0,36.2266791385612,0.7438035171912518,0
0.9759477714372233,0.20799151424526957,0.12100145408395575,33.91206566965195,7.0,41.62532324049381,0.727161222575717,0
2.161834122720837,0.1753356277503406,0.0527457630072559,206.6110577288482,8.0,81.2273501594652,0.8219637190120385,0
1.8566299716311825,0.13579468762151195,0.15302620879526835,80.94138717212674,8.0,61.52952114042205,0.6211428589573276,0
1.1150869533921859,0.27785146186989307,0.062027132004167,67.20272897826271,5.0,50.657946543473614,0.7890914175746395,0
0.9681546455779328,0.446096995771611,0.45622936390480917,20.92056307172544,6.0,70.98746490674475,0.6938784742007771,0
1.803132152468217,0.03715322697421743,0.05220123013665123,159.63082901195105,11.0,56.58105909462992,0.8703728350815702,0
1.6722808431850182,0.2763161374767591,0.25758671015339024,29.69138397079708,10.0,65.19808528327916,0.704128135285507,0
1.1459661608497989,0.2339534775423614,0.28607010859857585,10.549168602799131,4.0,61.57417532494708,0.49261592899293094,0
1.1681289002926463,0.2904870446410438,0.08511253959725566,48.02889369718815,11.0,52.82930653438932,0.6466959154430266,0
2.0848342033089136,0.10614465821204683,0.09765270664151457,111.70216010849686,11.0,65.5490222852065,0.75776740001746,0
1.6695446661077522,0.22163682020553593,0.3869280038459854,22.844146878117844,6.0,34.78561638271686,0.7415069131288655,0
0.7417915613107642,0.4427591445224186,0.5179183536359068,29.680265784311942,7.0,70.4420570599842,0.5583930046214836,0
0.7224454173916747,0.4584693209329327,0.11421292158585658,16.9987445632054,5.0,41.66165618627291,0.6380194961467217,0
1.6069274866601484,0.2606824326977738,0.09744203430269203,32.979151225930586,10.0,58.95433480401411,0.6747050227439287,0
2.9389985214534127,0.13050384015053265,0.04955065566286185,98.81765258503474,9.0,63.83527016923556,0.8236934873936357,0
0.9837277306566028,0.48544245496228633,0.27131970927984794,6.875610484373267,7.0,36.722098551483974,0.48797458954073675,0
0.8011909568607547,0.10877269148070204,0.29771646102651583,83.67129426276695,10.0,72.50261035091788,0.8206909614754083,0
1.8388934368751737,0.08756831313516744,0.09456936518244734,144.3126698034806,10.0,73.91668422597643,0.7957021926077441,0
1.9730071809547174,0.2110915406595581,0.13557875156190147,53.01932548542935,8.0,40.355562775007265,0.6390816213453169,0
1.8040174627732,0.14293828651710516,0.20303746892737856,81.5026460462909,7.0,39.66814766715438,0.8279174902493671,0
1.463441446754076,0.2375031094662312,0.5260074150824758,29.829230731507067,3.0,59.420056378483665,0.45268146741411397,0
0.5355299180290225,0.46785281324188815,0.3525675372604883,19.759062860558018,7.0,45.22221711471262,0.47208536900739545,0
1.8386627910993993,0.16813923410675213,0.039655272282884735,146.9942952005939,10.0,63.60933563667171,0.8729025835743636,0
2.4196641284912093,0.002824946695364794,0.09276684024542216,124.97762722961448,11.0,56.384607293656714,0.7770623603687142,0
0.6980486945281748,0.16887145944398213,0.20854542022180939,9.586171464223428,4.0,72.85709088402874,0.6894477932267595,0
2.7366233140252394,0.18513733374734492,0.020134831905271523,238.0273956464277,11.0,55.62513357113133,0.9812406181767364,0
1.0931083088978353,0.3900751150613589,0.2297175670736522,24.70598546045554,8.0,37.30899157689775,0.6882808811465817,0
0.05048079087539215,0.9167875503992342,0.6098301957954374,5.240104055731314,6.0,94.30796542570948,0.06736388342192393,1
1.5561188342642698,0.11097049387829667,0.037092228386243875,221.06425633251024,8.0,83.28880152225057,0.8292847232056788,0
0.11880098644475237,0.8689338135713444,0.8177363029803387,3.6078598801938875,6.0,91.88309893443741,0.09107495253914985,1
0.8011113280776859,0.21844193795789318,0.0597396973540308,45.470485883117504,8.0,71.735848455612,0.6145227424469003,0
0.7297315266127937,0.4357525195783586,0.22345704149111822,12.96130151780999,9.0,48.050840883169904,0.531453487225664,0
2.7785734768953994,0.15085430298757851,0.08198088582380242,169.43028957062356,8.0,89.88370240317036,0.7610437757360403,0
2.1216409066622113,0.10505663271453665,0.031772233480929384,97.7225367676002,10.0,59.33499083952557,0.8526103683888617,0
1.7592254900685664,0.34047152534214764,0.1122301748143547,78.22146324144342,10.0,65.27677990589945,0.8308835478413996,0
1.233204611068756,0.541412576574356,0.3523367573393489,23.055137108167596,9.0,29.788097435265495,0.4291091081600076,0
0.9652473356338291,0.560549847757763,0.3572239560721947,48.908594318707856,5.0,46.097631837644514,0.47636416353580274,0
1.9516174630089524,0.2486906258687759,0.21041510134081426,78.24447836069365,10.0,63.164755614183235,0.7959433324557065,0
0.8432298882035199,0.22427266545164953,0.11588741566924764,50.70161352833736,8.0,60.9640639674856,0.6993091388422318,0
0.8404234947129312,0.1623813888534725,0.5170521744515792,31.289552728727685,5.0,43.26712948867275,0.5065672714330923,0
1.4140365668297785,0.3879462624020084,0.14210939865872213,26.479898023938766,5.0,25.351770279941338,0.6651600000435507,0
0.604490914018854,0.17770655173351724,0.38295745257016733,11.926788353928268,7.0,72.87543165358716,0.4934499053145883,0
1.1058810845630846,0.14280123556085644,0.17670674155438743,33.4537049745895,8.0,69.99596282225978,0.6587556645411208,0
2.6371316101280606,0.07090519362597368,0.09706980243949033,231.8305906247736,8.0,82.24342239758167,0.7986596769629919,0
0.6606823927779623,0.3515387080240006,0.41535302020974785,28.353911441969675,6.0,34.37798598043197,0.6944191998496334,0
1.0136710573476506,0.4791842612326451,0.187817442812312,47.174024672938636,4.0,25.04373778143171,0.6712978552175417,0
1.5413431236662651,0.10124624132361823,0.09607750052246435,72.66559697298086,6.0,50.18877305926663,0.8272841151037182,0
2.0232909780695962,0.14335035003272187,0.04665092631383431,141.4208128049561,12.0,84.84179516638075,0.8929876564103006,0
2.055689559052303,0.09391116225516159,0.018947135908428572,102.08665590703018,13.0,71.64967241790768,0.8067273372627211,0
1.5949927180538372,0.03902484821846728,0.056856971470373545,235.1162953702591,9.0,76.90963448446783,0.8004668129023853,0
0.7812536141915789,0.3424051001445568,0.43653930467226953,42.00025818597893,6.0,22.624150753937084,0.4053427644909012,0
1.3979349904523963,0.3314605447193626,0.20567283608901094,63.57394998360125,8.0,63.442774159106094,0.7011798893290703,0
2.389434946724424,0.04559355444463649,0.063760898022905,88.64168853124112,12.0,71.41517776544353,0.9741888428976746,0
1.8549935444963717,0.1492028560486893,0.08165687634239105,97.89727357520124,14.0,57.32955999343123,0.898608415939113,0
1.257128417658361,0.2264911046484143,0.15808132396727703,33.14399108661648,11.0,68.50469171421949,0.6953152777604353,0
2.7549195615490394,0.021731420652452482,0.022517766610554546,214.81084642313718,8.0,89.81884747673038,0.968228004096771,0
1.4151358976643542,0.21834025329936635,0.09960983415806558,53.2745364227903,11.0,45.82942731317708,0.720221972394032,0
0.5914702355269785,0.35083218016351453,0.3742357420600807,46.38090575869384,9.0,47.39071036963501,0.48946473681113367,0
0.8960668609623028,0.48667033972775653,0.5010704770040529,21.831470882366503,7.0,66.84126318482117,0.6083184528377992,0
0.10288318899251132,0.872764095107113,0.816441005534489,0.2264755355010588,4.0,97.26738500702379,0.04773255990830287,1
1.049276882443498,0.27072366398716124,0.08207285609427752,40.71973362450824,5.0,57.92384565366065,0.8496589721175049,0
1.791381303304282,0.42446903902002386,0.25676432240361524,34.33128367739364,7.0,46.680980474627184,0.6562010858677316,0
1.2197924740574804,0.3238860888612447,0.4924344162134337,17.743558674891048,3.0,37.97311716466492,0.5438696498547098,0
0.22838479446751844,0.8438889313872706,0.7373594629031419,1.0259201350783238,8.0,80.2572728696601,0.12563393517132404,1
1.5071452443975537,0.2332601511965889,0.22201543327531753,60.38392901222699,10.0,63.5544274025627,0.8491932227639902,0
0.9641008641918233,0.3051879073244349,0.1644944995333876,32.72820138404916,8.0,16.169990944916652,0.4129995260381501,0
2.681333377294825,0.12647101015326026,0.092916263227107,246.7708179301414,13.0,70.57282163594522,0.8867469468945546,0
1.9953527091663286,0.12680271146503516,0.11784703320625926,51.819865766730686,8.0,54.1567363124002,0.6981729229463197,0
1.0487124910217047,0.41053205542220206,0.4525731459443962,21.338100317157174,6.0,68.8837389934007,0.482293467911953,0
2.804526443560448,0.13968571091576798,0.06741530672939648,169.26584966862686,11.0,87.16883825983118,0.7751305003541771,0
0.833863438612794,0.26897749795389114,0.13592751924926738,96.19396105793714,8.0,57.55223592070907,0.6272162727083844,0
0.39193879359905626,0.719281986873183,0.6374662035331949,6.967712680637141,6.0,91.93360995010443,0.1410501543743457,1
1.9095802635901549,0.22013997269972957,0.1149495614065766,43.111720477360514,7.0,49.6689669167187,0.7652558598026851,0
1.4856357125138548,0.533582340787824,0.12281456028552075,21.550868842442284,8.0,41.89233770476682,0.6226699213073281,0
0.8806629277016409,0.4152433159575729,0.3159406372818816,10.555568653232418,7.0,37.937422134030115,0.5514916651476061,0
2.1550012340082594,0.19896297856592168,0.04862806126705819,161.25091872577127,11.0,69.76181219500964,0.7667064386753657,0
1.326667221377054,0.46400526347085835,0.10784191281379853,31.622043957419628,8.0,16.910616747424914,0.4961136878912441,0
1.4796726349426814,0.33590207030625335,0.22033695954028354,16.734826931871964,7.0,21.53763584449903,0.5472939515014839,0
1.2435915074123067,0.49849076045715457,0.31299705804965516,35.2852541028933,7.0,42.97075267273878,0.6130574184403312,0
2.7014457804625143,0.1855590860344561,0.07721083991043806,198.68053327636832,13.0,56.405295484147324,0.8004455276797638,0
1.9218506757585125,0.13188452693838035,0.07269946142868826,210.67007362600168,10.0,87.06041457981627,0.8075534977237202,0
2.9123082851071485,0.02413106748873728,0.08961220824236305,97.06725976046758,10.0,84.6267487623785,0.7948730180865219,0
1.6399772261867136,0.28743233768031196,0.21909844417932167,80.96001667969821,10.0,54.9349818808719,0.7264805663815261,0
1.7902768605190704,0.3149275161705515,0.14546885304220586,81.73517055666576,8.0,58.093560123045975,0.765905200522092,0
0.9147806125995332,0.3395195274583446,0.42366360682068704,33.869136007254994,4.0,75.86578861439617,0.5564572024043096,0
2.8606554332343226,0.008929817794855776,0.023285228494370626,129.65008615346983,11.0,72.15691398405552,0.8966112932536989,0
1.7252771574090242,0.4357014195871457,0.38307660437100177,34.06341774105132,3.0,57.95752200030184,0.5049666379196129,0
0.8693904610462755,0.4217395027816997,0.23890398994953968,19.094001989577897,7.0,60.242609605236375,0.7135040485111546,0
1.1443416650407658,0.39236582630537165,0.44506152503109464,10.429095491654724,5.0,48.85812129848725,0.7393103705917253,0
1.1597808787201997,0.47663356455962946,0.5492980882031493,19.58587737757462,3.0,66.2177686874984,0.6431371014751568,0
0.9763498734319953,0.42494442376702246,0.21657871688776556,16.66846098965722,7.0,76.53237830645047,0.687062831109329,0
0.589518926338303,0.4073257685738473,0.17830997774940816,46.486562339991195,6.0,43.662999698585296,0.6141832895241962,0
2.322409976787283,0.08524884063601135,0.0795525526228602,163.112711250014,8.0,89.61821788249658,0.7875323891873143,0
1.5208155250210553,0.4422340309559565,0.33918445466463687,7.004112907908179,4.0,54.19874992327767,0.5801344431085158,0
0.11368955924285556,0.9996642929191237,0.9456730422460166,1.1988500058541125,7.0,95.96639984887426,0.03748332285281397,1
1.3447677434623753,0.4102525035159944,0.21223809116888176,29.420679658844463,6.0,38.90682759635535,0.4411593425117996,0
0.7794399727194734,0.40287618192795915,0.1431062050555113,38.315169134840346,7.0,23.193619798871325,0.5869016716233069,0
0.948118408980346,0.5405615798590564,0.24577967903656073,9.073510198688034,7.0,24.905676262084718,0.46952255922750946,0
1.4094683959294905,0.5641287827347913,0.38805590900566256,49.67309059763935,7.0,35.52406844382765,0.6887762885544715,0
1.1557322617116645,0.23290032714780082,0.3717308654098123,12.506243313113604,7.0,53.1254091553259,0.6841513451251183,0
0.8706984072029642,0.15038792429359804,0.18774110387838816,29.410079336762323,10.0,64.65787226350852,0.8020171025565704,0
1.8949759233847283,0.08371495827229086,0.03665810634990505,168.64534572685903,9.0,66.44144231569463,0.8263701530927925,0
2.8296043300855613,0.18421143945903834,0.05036329251830993,168.44676950589673,10.0,82.99546437673428,0.8286126729360503,0
2.152645590004557,0.19847511281116742,0.0891677266254914,207.26336330768135,14.0,86.17773718074837,0.9733616599244658,0
1.3880167869036917,0.439896515746793,0.34725629925890833,21.447733434409063,3.0,45.60226416501595,0.4661476207324835,0
0.8652583690001814,0.17487812256866148,0.10802011516744696,71.50236570337529,9.0,66.47146848090034,0.5671908863621579,0
1.4385735455862259,0.406231117256473,0.46301268495923986,10.722676733636401,7.0,49.61269979129524,0.6743999441939886,0
2.2382298233631435,0.11991868830452246,0.09312362356901019,100.35471004519087,11.0,59.098624806503864,0.7719272529776922,0
1.6284897305347426,0.2087719377122108,0.15391954827805854,43.74900655213817,8.0,52.52107125082926,0.6921953419087273,0
1.7303696686291719,0.14795400531323008,0.007501730735154233,204.06273039744462,9.0,71.53640371475709,0.8774575915142624,0
1.2084133567116653,0.3187243001181473,0.11842510190869622,36.813822691651445,8.0,36.39663167290986,0.6343737900622725,0
1.1516452093193823,0.33835506216335753,0.14877884080159554,85.00585518936458,8.0,63.14632403422445,0.5984652179353581,0
2.0812175685452616,0.057665620786048824,0.06824955039749755,103.75792221358267,10.0,61.99678708662879,0.7518405674377514,0
0.9228443960181474,0.24021539323409694,0.07469121442839056,32.719849284644766,5.0,54.220548592773945,0.6826847095367916,0
1.4690867275989246,0.49747209174333185,0.4277578201479709,28.575287263715744,7.0,16.169086207218097,0.5723113511294331,0
2.2896901359525206,0.03399570423915715,0.08182273526272574,179.3075653611603,10.0,87.53596402025099,0.7787965133285651,0
2.07763424415053,0.12791265424742201,0.026646331750084608,103.76062986217266,11.0,71.7257045908311,0.8542223421487213,0
1.1912905980182784,0.298399694505643,0.42846063259184886,13.692322657077495,3.0,73.68477002347292,0.6703037224744179,0
2.3112849554174266,0.05690817502236505,0.08969967987729953,119.96650986971211,11.0,86.8172685048032,0.8823855138212681,0
2.8040427403177857,0.12578960343255544,0.061243932925318156,208.2769502247373,13.0,84.48592505084336,0.9672634465692507,0
0.7433846957862207,0.5902656015816168,0.23353957771976364,9.145903903082337,9.0,15.942751789307396,0.5660120115174065,0
2.627671063846172,0.06276935442232932,0.027280433014583574,102.25135624458416,8.0,65.60376200930557,0.8423182103352421,0
1.5605988432632447,0.14115940072589764,0.03017648666969308,233.50815607904323,11.0,56.57901609982475,0.9839685255027701,0
1.5478074726600308,0.43258230832268096,0.49475012394131224,6.487043623241149,4.0,51.39365806168122,0.7040753018143007,0
0.8194137259035577,0.5999582544623663,0.3692691578225561,30.568787398117284,6.0,26.245690850978665,0.5546093046488161,0
0.8044706096931449,0.1811880291102021,0.1973826486341907,59.1422760738368,8.0,47.07077194077984,0.8473600092328752,0
0.7585288337936404,0.15929946267747827,0.3709859070722118,22.17335816443197,5.0,65.61633972276432,0.7045770960682731,0
1.74652634496963,0.21983375732344454,0.26479764302858566,31.710042043110764,3.0,54.95097427495211,0.4877359066061936,0
0.9600117648489617,0.2228186068393851,0.39104021781604337,13.028325729865308,5.0,31.66165813822695,0.4654727230146916,0
0.8825928983794948,0.3086056880377891,0.1808559619612231,93.03980300024594,5.0,70.11963523970817,0.7937523307150497,0
1.8232427127190507,0.14904076855620216,0.013115516918470994,113.75922280032236,10.0,81.15444300672245,0.9736719717169537,0
0.9249616251286703,0.13347891091338962,0.0674027504496514,61.99336560584631,6.0,63.947133462987765,0.7157075744351298,0
0.6211798494133471,0.2503603736650015,0.22035841196315478,17.10976310897503,3.0,32.42883689149288,0.6322625329862483,0
1.7516249463219076,0.25492865030365597,0.12531404736156593,48.277194346589724,5.0,73.6705585456813,0.6817636537702614,0
0.012789363655936024,0.6624904695399211,0.7112195484300419,4.755078540763574,14.0,93.4562777251032,0.08609975970641591,1
1.0614047502603192,0.31671051560346897,0.13650021680950358,94.22075648801311,8.0,43.294133321058226,0.7180172428708691,0
0.5144641146019728,0.3853750749814868,0.4463641770021527,10.410763284463503,5.0,26.178772085507894,0.4964264424893945,0
1.4655793015945262,0.382323187396728,0.36825735342819643,21.307913602756805,9.0,35.92111297341076,0.41636305468634943,0
1.2935820118319685,0.4347879175415426,0.1981086900622966,42.049605121348236,4.0,21.098779495592616,0.64808644581874,0
2.4556108259868115,0.024384335667022517,0.05882579999692207,196.6363820679263,11.0,70.90112866446113,0.9563498777990803,0
0.928634650006233,0.5919980172162795,0.3337290330706741,33.49972019088238,6.0,23.298634812962305,0.41887621176981427,0
2.972708921313803,0.12407154193160881,0.04775058736277328,209.4435357412813,12.0,80.22435813514231,0.9908028058873449,0
1.9044348335537657,0.1254421147949515,0.28493006200570004,30.071500572197124,11.0,68.61004082511246,0.5710933415693367,0
2.8919559122487364,0.098362516282582,0.0528657538108291,182.33948379968,14.0,57.5147617420182,0.8789218596304931,0
1.2819452750462825,0.4093728743229205,0.3190898430149763,28.246515727734273,5.0,44.627337118868944,0.5707125331475306,0
2.1425889687621984,0.1379523696888174,0.08682364402828997,142.8271730806488,10.0,74.87109596828134,0.7672849862518154,0
0.8611733104176903,0.49739068934829644,0.23616651958950724,45.87271955448642,5.0,32.08881615984548,0.43964289075440155,0
1.0999988085596921,0.5994459001838078,0.4445836732363614,29.529998691632827,5.0,35.08522082576886,0.6691965307411902,0
1.0021912631664853,0.20000624894610325,0.24649170536265674,69.36157555596967,9.0,39.045728533104125,0.71115614629811,0
1.528513378435611,0.16371856191414805,0.5202956572308732,22.242151339227057,4.0,55.190140234225936,0.4531756038083344,0
1.7777690174303513,0.11243414674751445,0.010189415731454488,190.9967615158797,10.0,72.9456222505039,0.8582431232169419,0
2.3867157241664567,0.13614290535990128,0.03936304568320283,134.0584864818484,14.0,85.6251729782113,0.9627829067055516,0
2.3769582512012484,0.025381995103702627,0.08973021997540936,229.66465102170767,8.0,73.76701445889813,0.9054480074651892,0
2.05959088133708,0.11301558212614111,0.027034178819932753,107.30001313943617,11.0,72.38066675961986,0.8841219809380627,0
1.6267398282352803,0.1871879645401252,0.013740793003780217,243.00964180454366,9.0,75.7788701563224,0.9456560261573868,0
1.0702973650154084,0.18250608581216649,0.16773803461420428,61.00600563959072,11.0,74.90591868734802,0.584333595691339,0
2.6019316379027426,0.03860829817378082,0.027075875131780027,200.68379853782164,11.0,76.40402620919744,0.7636250787478239,0
1.0844789341013639,0.35515500433192515,0.3963077621261246,10.274474791558541,7.0,41.116446379263984,0.5546126366689451,0
0.6165922968627502,0.28582882253979924,0.45762243650760714,34.15183200132706,5.0,74.18269396755278,0.5952223835811417,0
2.173094260801876,0.0785836353394148,0.08750841990540824,245.85125979082792,14.0,85.55006355709625,0.7980751697587832,0
2.9323475877837115,0.048719349071721485,0.009892450510482232,208.09577571004385,9.0,85.83626181712545,0.8195283392178719,0
1.3547304323363385,0.3222994213286668,0.28533599426179024,41.46050719210682,7.0,39.00421715068842,0.7856012654463248,0
1.0092700613876582,0.11212364556799162,0.09802855606230283,25.321210797470126,5.0,56.13257582273022,0.7473675344217985,0
2.0685790425559576,0.10340389736988585,0.07417164105197349,204.29311603097523,11.0,74.94768365245342,0.7761537742011938,0
2.784822035361837,0.07445231463830963,0.015361289906063481,182.14286935066374,12.0,67.77217763773884,0.989607295225243,0
0.10730366099655841,0.8549880896221569,0.708752864557554,3.173268417617047,12.0,81.77865162312432,0.171045771812945,1
1.470137179583487,0.32821397400167257,0.21537485025068473,9.85070054483965,4.0,35.158249636951425,0.6405278361629118,0
1.006604796419509,0.2358378543559394,0.24134413059858184,64.06428690291759,11.0,69.72956513622631,0.5828967697575095,0
0.8930808582697731,0.4318533750182715,0.2750548756224629,32.174628565140516,6.0,32.73599633235298,0.6897861355984989,0
0.6366519700779765,0.48780627003053595,0.21160210232363336,13.60066661758072,4.0,36.03923910255566,0.6276955681666706,0
2.903906249153589,0.17079687522944584,0.03222156738229383,172.57322834702774,14.0,72.1438489632362,0.9080506250287156,0
2.6577740148437328,0.07566360284475714,0.08351257910807337,116.22273884783041,12.0,74.99085767195093,0.9985194431130946,0
2.1301253479541877,0.07679036269543565,0.09312433284794626,105.36871383484359,10.0,68.26937713820419,0.9121937259721387,0
0.8545607705076241,0.21460464353862596,0.4238053838951936,11.302074411782138,5.0,71.7405964571951,0.566945894538627,0
1.6120863553872962,0.3126726579870391,0.23803456808223095,77.36817054918926,8.0,47.97359972814557,0.7650875787683422,0
0.761310115456363,0.32505050861596946,0.2896811812676776,13.195483242180579,8.0,37.687676721549785,0.6331675957922761,0
2.7338746359261474,0.0073941454402348455,0.03727023413067342,88.27874029335472,11.0,58.824880189009534,0.918826407166871,0
0.3334671596760632,0.7538919578787376,0.7961721029069557,1.1847658059622113,7.0,88.4038118855216,0.08036809640833247,1
0.8201911271033897,0.16855745559759266,0.28884555435106213,48.68736138163605,5.0,42.25817821205763,0.6062594339716625,0
0.7411833102253012,0.40343224077455114,0.23703004527804594,31.22579505292321,9.0,23.13794215137186,0.4667035543341297,0
1.6272173868536446,0.06838538770913208,0.07176391476415676,217.2633730159679,11.0,65.37267199539077,0.8519854877828206,0
2.51871805265834,0.01081086232371984,0.09558605341889254,246.72876954441986,14.0,71.28243650472506,0.8049983598318153,0
1.826442790045443,0.11766124968180165,0.03170409113172379,86.13017182715183,10.0,71.59464362815596,0.8063982170510527,0
1.0861419710605231,0.36308082944423903,0.40656827500748516,10.443313574917944,7.0,59.14723647254357,0.5549041523644332,0
0.763627719269044,0.5842224281707489,0.24461320052745808,18.28947896055189,8.0,28.545555792557817,0.6188587112047317,0
1.1437726176727758,0.2552159268961039,0.24980409506279505,53.91670964828117,7.0,56.41782084235523,0.8486227184633501,0
1.411641753740837,0.17701636890379155,0.5340634602716576,14.456260710665687,6.0,47.71458748439607,0.5168528341924538,0
0.9275337755366704,0.3707716955186483,0.4402199140138455,25.243914193606777,3.0,49.55112741018505,0.6787136451201274,0
1.4347405627741772,0.17287914028386722,0.32062733622476863,26.512431891619592,4.0,47.416994913526125,0.6569730967401701,0
1.9767683301711056,0.15694679774030118,0.10917100089941408,89.40048403628981,8.0,49.43611173965132,0.7643920483537081,0
0.6364616302138484,0.4233459413698816,0.25456797522664065,12.581778474454442,4.0,47.08309860685069,0.5797437782763123,0
2.052139906494923,0.12523185716809385,0.09122053404086763,105.6688323439615,14.0,86.58714885980216,0.9572718958339757,0
1.7211389302283788,0.054685940425334506,0.030833320395284428,101.63695371593667,9.0,74.25838921678901,0.9262570491310482,0
1.6835314853143184,0.23287960867549712,0.24229211909502896,6.0546593458143105,7.0,39.57931174834084,0.6324625533920857,0
2.8285577562875446,0.0431849580862532,0.0531292754818605,212.47589040771612,9.0,63.59949100482434,0.8076865763168042,0
1.03991881060091,0.5492642651700965,0.3691890973861496,26.3871575862158,5.0,21.864212430057925,0.6590453329892358,0
1.7256810173362112,0.009474804001096371,0.013820537163853076,236.1999429002161,8.0,55.32409236373932,0.797080493702838,0
1.1052007835212412,0.25640109043317466,0.33336244141457694,34.68017262175394,4.0,57.23901189103193,0.4607753644018282,0
1.0036363186902386,0.2808987309007053,0.0988104057574176,92.22138255821122,8.0,36.048374261952354,0.7065992161137208,0
1.5579664647403269,0.04159961474169212,0.05189146424870842,217.689925195628,8.0,58.116470177626866,0.8488086634397236,0
1.2212964155543515,0.2121412932974146,0.3970753130996981,33.44960179537618,5.0,44.94016807289894,0.6632619525878575,0
0.38468931983606347,0.719592924157221,0.7904047407131989,0.484512905722025,13.0,90.54012360093616,0.15719151470156822,1
2.481153614223535,0.1939630233411139,0.09845780814316246,128.9988017329439,13.0,81.2494238277344,0.8366232153282622,0
2.6084760058733125,0.02621155031146265,0.012375380365034461,237.6856336711063,9.0,68.91523678387293,0.8252371729452349,0
1.3094400141835463,0.30269076634045966,0.2876003075965758,29.221669670784163,3.0,38.7946283336092,0.7298945279693854,0
1.0140161141601305,0.3990231701260321,0.24269470283866124,26.738940926349635,6.0,68.77278581787877,0.6405902233268097,0
2.3000811462465482,0.13470274294504875,0.04562473073876819,106.34748027802965,13.0,84.90374768477244,0.7586177482081907,0
1.3000787046728535,0.31752384740344297,0.2705212497738756,33.05243872648976,11.0,41.22700788500452,0.7558387930008348,0
1.2974703429861902,0.30029646073353156,0.3658139953094024,7.078309805134784,7.0,37.41210884767965,0.7306124809778586,0
1.2007250697121048,0.17097822181013295,0.5240504605109408,6.740826620078205,5.0,51.17650974469593,0.4501713169209517,0
2.6609340728339452,0.08777568795041046,0.08585979199113825,198.55256494009188,9.0,89.14678230728646,0.9402849254975882,0
0.9372615757381064,0.5800826888974744,0.14841386860511563,12.921791959053131,9.0,17.413347448604473,0.6295053996795924,0
1.4545248613841384,0.35792496223824455,0.15791087273829071,32.62677679342583,8.0,30.725327201027653,0.5712168078757507,0
0.505639484822517,0.5946614623911923,0.3122770413305671,24.89780220480487,7.0,16.418446193369185,0.45209528658750064,0
0.5428299990936897,0.4910971144483049,0.1525083289884359,30.047859920798597,8.0,42.297524119187,0.6698590510535505,0
2.461332951879239,0.002145528995135249,0.02090576586022415,169.2650115044344,11.0,60.80674037567868,0.9590760726375595,0
0.7059616377281469,0.42158083772898075,0.3224866089153017,32.210816828249335,5.0,44.27415865280904,0.5227420995308121,0
1.2312068407560666,0.20977439032559397,0.09508552459373555,81.73869007340056,7.0,66.13210379004245,0.7894023564653758,0
0.1090312330438368,0.9848057094500963,0.9339435126690732,0.0,5.0,99.34558143694302,0.0814598248875931,1
0.6581017889436298,0.4221755817872975,0.3323978381956262,28.709007549195157,9.0,45.97395004954622,0.6318477143492435,0
1.3275048503616065,0.2935060214981092,0.21269495889353568,77.64112903109435,10.0,44.39782181012279,0.7095336529853828,0
0.010119549519651142,0.8459532607030127,0.5554615294534938,4.971645198715741,6.0,90.58360712433021,0.07857406502899875,1
0.5365421990795665,0.4632490522947448,0.12217879301775511,47.42145898162219,6.0,22.496566925312607,0.6098106039586136,0
1.4358207759589359,0.44811891045723407,0.41129438370585525,15.624767776784624,5.0,36.7173097201848,0.6732524217447184,0
1.7134759125772234,0.33703037745881526,0.3407271790377879,8.278017606745646,3.0,65.02729742610988,0.5711989749544587,0
2.3405608439518097,0.06852047133005557,0.02885530069609521,121.02343745617989,14.0,72.37977140015155,0.9719404189284718,0
0.9520089931145623,0.4011543313604313,0.43593646520123885,27.412402667931975,5.0,33.087752361866755,0.7481742636519141,0
1.2986112461423018,0.5812597334437615,0.16025988771936758,40.09372878076486,8.0,26.252255106884885,0.5238264553109159,0
1.2188020785373228,0.3393765896187812,0.37544304072754897,38.05832099118115,6.0,15.93617555436458,0.4585099646614155,0
2.872948140428332,0.0993833192260699,0.01343669133130615,142.1143387438527,8.0,62.069266319107356,0.7544171952499781,0
1.5774799041503602,0.11012473798334194,0.17391349364404723,74.09274747092363,7.0,44.51341539527164,0.7985490844803746,0
1.0506517276604026,0.5320949323738441,0.39336160516672714,47.562466520718665,4.0,17.21986097561683,0.6397704229895416,0
1.1788362870058318,0.13633442780678556,0.29925659040979324,27.266440281351244,9.0,61.00849096726836,0.7545368025908945,0
1.6658826164941658,0.19940693156751463,0.08792000243077452,128.26443443688663,13.0,58.7246836154984,0.9997761826185596,0
1.2432682682237566,0.10026299314009704,0.29045393535006986,66.22218070546276,5.0,58.995657027091795,0.7151924382458208,0
1.0926283244920116,0.44322752557753853,0.3100914017891051,13.6974746375015,5.0,29.309653159110937,0.4533015285963838,0
2.7008754310107754,0.12355778170111664,0.08641368291927248,241.3033281909833,11.0,67.17652715148073,0.7726447646338599,0
2.1203518969649546,0.08997185998882525,0.024525897302320965,200.74168422711773,9.0,84.79671272907713,0.9686437849638929,0
0.8035825052326585,0.4589488600193281,0.37883006165207267,27.396134847443168,8.0,49.77129915981294,0.4346736419061006,0
2.5885514560838034,0.013724171421771781,0.0691847061285653,187.37685216912402,13.0,81.50723014589715,0.957049463122334,0
0.6791056668187883,0.42743360198204816,0.4090053304166802,32.280160673662536,6.0,45.256153154705416,0.5581968461170159,0
0.9964058044597996,0.524625359323368,0.1653540657068013,49.69137536898054,7.0,35.97822887027516,0.6786821307614019,0
0.8600060571535717,0.16354292480460808,0.41312888566829736,25.65614776366871,5.0,55.53928819971253,0.5630623615469321,0
1.0850762795194302,0.45082407427824056,0.4794815973733637,5.051739327689571,6.0,43.23082880396131,0.47586987491030863,0
1.406222300462648,0.37651563788530606,0.29344561029405525,20.203082727416206,4.0,31.15349767446639,0.4889838157801284,0
0.7004941524361559,0.5300544578723867,0.18732506896164625,39.89852107267815,4.0,27.83493807019234,0.42504771340481734,0
1.67179511030396,0.13368059235809435,0.04710962061431326,176.0901381018021,11.0,81.7749600095609,0.9086795800001477,0
2.5632931176612184,0.1998780073029054,0.0007482996106766616,107.37776607938979,9.0,78.59505053125972,0.7649977086463371,0
1.9839080911065092,0.2629246897277781,0.22498059019943117,49.13718772724418,11.0,43.7119334088126,0.5819141947932903,0
2.0987929539866856,0.007023362221933316,0.01619415702496312,188.67255786054892,10.0,82.40168459601034,0.8027335971221783,0
1.8748065016510913,0.1389753223134931,0.28807419944140783,70.95566175252452,11.0,71.56242321305805,0.6642258924083886,0
2.4469288759591277,0.12402933149310949,0.06392126599365015,197.38424370702825,14.0,55.576877020865496,0.9895231447901625,0
0.9660448314723242,0.29945613095665724,0.16621778096447276,91.10415282661253,8.0,59.94115017481632,0.6376705318396045,0
1.155373450046628,0.5562441919219179,0.3739924438840062,44.00410153577503,6.0,39.61337889171487,0.4030412707422099,0
1.7569388723250894,0.19105480267693548,0.5051563973287783,14.814832031839265,5.0,77.82557958526766,0.5445681738730976,0
1.3400843726481324,0.4763709924054521,0.43807472714887796,38.22790179992775,4.0,27.64976273955259,0.40067757358000233,0
2.6862976962949014,0.1643761441543725,0.030954350813762743,173.3222705580643,14.0,71.55105137539583,0.9137784728561912,0
0.5523022501815992,0.418397156883869,0.14843665002738388,38.68216741406421,4.0,44.16769272677428,0.6063446283388864,0
1.2173680097570716,0.3389738354328257,0.3179011794545825,12.153895965986976,3.0,67.7616035087793,0.7047853224363128,0
1.321191808190761,0.5433557365104671,0.3156694655368375,45.29417647322367,7.0,39.62971473071512,0.5213343227175677,0
0.8115990548755568,0.43567388762446047,0.25181227580511095,46.133191158380896,9.0,43.647461635690604,0.4676957178735146,0
1.170498186203606,0.24132913675123582,0.06074378141172472,30.94876743860862,5.0,62.84465430452052,0.5715331279182306,0
1.77773041822183,0.2824204983985784,0.15215019190681256,69.60270039382002,6.0,52.4498608378487,0.7237048329370533,0
0.8614134887978946,0.24687220381911423,0.35734017811999214,14.683405474770373,7.0,31.065695271747035,0.6468768024351403,0
1.7407418962466743,0.19388991061437705,0.20567850352192857,42.06616516146161,10.0,38.250587757900895,0.680381285235583,0
1.2369300346903702,0.22063436281137366,0.28103116224605384,65.86687403985154,5.0,51.60482442448304,0.8468319720099234,0
1.661810950553524,0.24177734137219806,0.17413970426090403,85.74523552837812,8.0,62.254908686609674,0.6334222119160069,0
0.8394252489533416,0.5835238156114206,0.11071371334608264,13.583610337509695,5.0,35.60754610461718,0.6104220586145139,0
1.180544794250166,0.26349328667923283,0.1703701068796996,62.7369138208765,6.0,38.60220151128639,0.749865149591614,0
1.790723914406795,0.2875454166628285,0.2312183965616054,22.433444434218003,3.0,69.3347849430875,0.700865492756171,0
1.285926533833539,0.5086128166990392,0.11865214579281763,38.37811010423856,6.0,20.526304767781173,0.48853780314538064,0
0.654071929104027,0.3145102278597455,0.32886075024914235,34.97484176135417,9.0,27.929849966406834,0.5418059999306791,0
1.4792302142549747,0.3367185406428537,0.2604697537188647,28.75467047872932,7.0,20.837902483833084,0.5594740632991944,0
1.6010614576995095,0.18629238586177788,0.012384368194337081,113.65672689087421,13.0,58.39270896262598,0.9750695249038523,0
0.8218772875867804,0.10623692967666268,0.17781755985900838,85.86975584474973,8.0,40.097066842903985,0.5873830762238622,0
0.9032329534820456,0.26439213622336954,0.30690462247245864,21.927911353251012,3.0,50.643590778257426,0.4823877854984707,0
1.6004670196979849,0.08065471658606882,0.008027732040403713,124.6640313905217,11.0,89.51104100768183,0.8022399018711535,0
1.004665277847172,0.5905664432708266,0.2170770159792348,45.41273003202123,4.0,40.18907583726115,0.6785584407556716,0
1.2946767796252363,0.28971606006482153,0.13591682882021422,52.32678035013845,7.0,74.79292693656893,0.7166843577071056,0
1.1307985205445994,0.26387284213974205,0.12715383565235477,99.82364455911328,5.0,71.65208135659924,0.7255929713756571,0
1.251906974740217,0.4733836714228876,0.3821586238646105,30.792897863992124,6.0,44.89293179163436,0.638820129880515,0
0.5888671641802398,0.5079293336540133,0.39701542370172294,22.67464985346078,4.0,20.487090285174745,0.6537847004358636,0
1.256913836400003,0.4256927066831686,0.3116035745775484,30.769713307990763,4.0,61.700198848059344,0.7170397522580393,0
1.0750621390176744,0.2763418230397203,0.46583023056758455,12.919166464760677,5.0,33.802578040965784,0.6722133602148632,0
0.8705810236074596,0.2207350366565175,0.44938954668079273,20.04184401750407,6.0,59.958058516743506,0.6625627407573681,0
0.6065860753615084,0.4499120394849997,0.5021225815298842,7.859198135531304,3.0,52.3951115628884,0.5057112519198947,0
1.5084479411341345,0.48210189419496974,0.40099559027372117,19.562268260301636,3.0,34.8545069946545,0.5784636262454655,0
1.2697921803773244,0.39703902732452667,0.198908627314355,18.890264392958148,6.0,26.830519125524127,0.5814473674228477,0
0.7438962370164817,0.432581561442992,0.4266211649182551,15.164789525659407,7.0,74.20152755963333,0.6196700065359518,0
1.5755360935524643,0.20974267073358785,0.35193026461795435,8.86511685430858,3.0,78.00410539926824,0.46880751688804034,0
0.5010920743123419,0.5598288518635455,0.25030542993259686,28.66771637226786,9.0,44.29886796918872,0.4511011211132771,0
1.703462964389397,0.12147722623748963,0.20237222177237973,35.71522139056431,5.0,54.72837331471173,0.6219057102523364,0
2.001195060752319,0.03459888903831876,0.031389336980198926,206.25773634326458,13.0,55.51389952460248,0.9567933561301716,0
1.2262085234239566,0.5533667968084586,0.2119599567474555,39.159349207204485,6.0,19.832160513316666,0.5252008120520204,0
1.3380293087941504,0.31566603143827277,0.2170416192147912,82.18013797785373,11.0,74.65592195542484,0.6224230198872678,0
0.6996120912348608,0.45763759558485095,0.3786409851919307,36.3361056127425,9.0,19.043241778657816,0.6686623599437271,0
1.5913607300065737,0.3447021636117603,0.2361758235605962,33.85981377093055,10.0,54.01333805533241,0.7266312348968716,0
1.5771952269601548,0.32026494472283873,0.4381194795848341,19.29782709772318,5.0,67.22931356393653,0.4902985637456682,0
1.9058024113652636,0.0728384035544108,0.03144399802042629,106.79398026624995,10.0,60.17241803897671,0.984031865843936,0
2.85595993631706,0.17311450786420565,0.0798097435818333,96.97662111732402,13.0,62.15390784785002,0.935900091276913,0
1.264987178801248,0.5211793560275528,0.1333052906916674,32.98976363491665,7.0,44.2448861100857,0.4618273536753132,0
1.3700258808571377,0.4460158132231822,0.1791685649840851,20.129644806262753,4.0,19.776455758994114,0.6755756347207393,0
1.7529207826546638,0.436614087867605,0.36184215068851855,11.308978828071764,3.0,76.91487457588943,0.55906628852409,0
1.8958592702103259,0.2882895047552191,0.21443908089599256,73.82079425663406,10.0,71.17430800366564,0.8284921399291372,0
1.4107746396815974,0.33094165581908175,0.1523912285673458,24.10488652721535,8.0,35.442775228589426,0.4222128062403796,0
1.3801623816172368,0.23333964687867526,0.130956750615854,32.89431953373378,9.0,36.34439876745004,0.6326905153250105,0
0.6596244314975689,0.1708237301379739,0.4545510274424939,8.166955367567294,4.0,54.94182969116794,0.49924910208380446,0
2.8646963647763166,0.1587345248512854,0.005871868165014971,152.94680814977366,12.0,79.44114427540059,0.99667797811205,0
2.4634761175073026,0.09252001214216166,0.04197653670987587,100.30623410787906,9.0,63.14562513366656,0.959160186601636,0
1.0997796559550852,0.5876374168637113,0.37581541179440847,25.817517915395975,6.0,45.92360353680925,0.44073574768797813,0
0.8896317440397823,0.2697525070423799,0.22913504850048572,64.27203771585133,9.0,47.00992434517206,0.6105721655594308,0
1.740096183000771,0.1472364376155472,0.1094966219081507,83.43278040507752,9.0,42.630438098666566,0.6866592718569746,0
0.11322578366881059,0.9724337031350221,0.9716891327615241,0.0,5.0,96.16092947770592,0.052138302620653484,1
1.4561761522886127,0.3297717819921389,0.2687057885685135,93.70437484763707,7.0,69.01049540543919,0.8393743613308933,0
0.6246459768345948,0.27717742934986583,0.4238538975477133,20.64632659198616,5.0,63.75094304354764,0.49205212319827163,0
1.1879766747606517,0.19433147386886457,0.445675076028608,24.37995711733896,5.0,47.11242129867518,0.5568969498645231,0
1.162958397100219,0.16621184290857866,0.544343827429917,25.139095489669703,3.0,72.20912757134886,0.5814566013951035,0
1.4443999261021991,0.2638267125018226,0.24575320886421065,87.109209125314,5.0,55.35172555093925,0.7654017571263338,0
1.9059482284062907,0.17696981190127214,0.06634532572290867,99.01361640471512,12.0,61.172473300282654,0.8558738486699135,0
1.0980800591118203,0.3532000989890195,0.3848898343616012,22.845944615841432,5.0,31.129990670258582,0.5161919815961936,0
2.1188573539105207,0.07483680868143654,0.042588208637350994,190.8282743485956,14.0,70.88639087267049,0.8119598907378396,0
0.8636388460062614,0.18509094453493247,0.22243799148511872,38.188731196075445,7.0,43.83711448851649,0.6101999876238753,0
2.4462483605471137,0.0355013164873935,0.0338855635609605,112.57251164265898,9.0,87.46111604764093,0.8620518320642179,0
0.015969321731795123,0.628537566911267,0.6366949434356924,3.670752041002735,5.0,93.31410107796545,0.1107911791606705,1
1.1931771194590108,0.4810862288344655,0.21814118634288548,18.950911905782014,9.0,40.15662736118533,0.6224084118849598,0
1.7231959514217827,0.32300987900843703,0.1864102185035556,32.91740968855926,5.0,56.37675808967384,0.8066816381790836,0
1.4582768731217515,0.37566128669774623,0.3543222950113638,17.70674365752788,5.0,36.56188800074896,0.5977792921067969,0
0.11957842480462243,0.9625111376389418,0.9587957117953801,0.0,6.0,96.16170153283866,0.09703961560772142,1
0.5447694899884153,0.4924253713540308,0.2988663454990187,22.174160969127875,7.0,20.156711015244035,0.6873759498306204,0
1.1215184202299502,0.4750922024504428,0.3111153425754347,30.8975029917105,8.0,17.077700809062325,0.6094889183764615,0
0.86285155180126,0.3825344953480493,0.3943546976761909,19.845531577686607,7.0,68.17818819037888,0.549992608743595,0
0.0240944167079394,0.8013096222592814,0.8268252958854632,2.456734774632631,11.0,96.5226144453619,0.13684053574966792,1
0.9378016093183388,0.23905461318104362,0.13638424794750437,85.14301251180612,8.0,70.17693635646634,0.6917720532721215,0
2.2683644566599406,0.051711435629748004,0.06629244515369208,100.17515240340363,10.0,86.31550036001562,0.7964936049689273,0
0.5567810340450684,0.4197668175607482,0.3998152998343829,24.51342087097625,9.0,24.30823251210286,0.5800088325228845,0
2.2782875405796736,0.0631858103661586,0.07720124321109881,192.48241473851937,10.0,58.306333382153035,0.9366974028372566,0
0.6409873403966605,0.42327885825859696,0.4056808133962311,45.82019135324868,7.0,49.3133735545921,0.6654542776793144,0
0.8670268331887292,0.35998337941431974,0.3615685281662713,16.62755187682561,5.0,57.8319586440894,0.7410347357347671,0
0.7521280875554497,0.22367971775354278,0.403081973981543,18.236333586429193,5.0,73.05562234488445,0.6075443074025959,0
1.1401712481082495,0.48362467647056884,0.32755701215728816,40.47860033639464,5.0,26.422530447740154,0.6755271200835764,0
1.7515492795166714,0.0015014065599999737,0.03361299685293737,215.57684206572793,9.0,84.37108531820135,0.7845822675290123,0
0.9086366171095036,0.36357308233254293,0.29863136931974743,24.487018372466526,3.0,66.70940109345287,0.5759459485786028,0
0.7946560888554083,0.45147442115119263,0.17804624881143785,23.91504561313092,5.0,48.77970393980031,0.607941410396329,0
1.0835653219000632,0.3767135260805626,0.17224849680062262,42.707043982996986,5.0,18.24531681867283,0.5538468523602782,0
1.3621873419393755,0.19502511708921605,0.22429227790412407,34.804672251567816,6.0,61.818492922933004,0.52596678735997,0
1.8529434977035466,0.11148424927668071,0.2981146774437534,43.583456082977094,10.0,44.973429167617844,0.6302598095099597,0
1.4641176438643804,0.27498054253441184,0.2119693702212676,54.10401604766857,7.0,57.20040983759621,0.5782297919908674,0
0.9155941976017066,0.5364657125999169,0.1520500378943994,27.317846951334044,5.0,49.64192316838556,0.5517760040274593,0
1.1655871671232556,0.33914026643172845,0.2478226290421012,20.99521736918831,9.0,38.687100705268634,0.44079081701811157,0
1.10597725854809,0.3472033616455486,0.15415336465310675,43.966646056617755,9.0,37.061668547752085,0.5880319227025642,0
1.3133765712355299,0.1699564795986968,0.22145761190595592,88.07083504740845,5.0,65.7406797039591,0.7383256287372642,0
1.465303516935174,0.1554751615734559,0.22010776527311404,54.062540165407626,11.0,40.98936833067082,0.7290512003651339,0
1.3742149531296608,0.30173074445497894,0.26561959174586963,40.870193609026295,10.0,36.68265768212244,0.6714245206565739,0
2.2940870310394312,0.17656511320681562,0.0760546022729867,200.38678415324796,13.0,67.5188921034091,0.8696012315216695,0
0.8782588038794437,0.33302836209279296,0.17541546051637075,62.78172533253536,8.0,55.29295918372278,0.6815221271590447,0
0.35471552857628585,0.7644703494870924,0.6709747873078968,7.142405139262398,9.0,92.86253419471834,0.19580298819748881,1
1.738908589477656,0.41875480293332845,0.27155070407498566,10.833495753924819,3.0,37.09579615055624,0.6252412431997467,0
1.216336800129603,0.45374410868010817,0.40463566189089006,36.2423457157805,9.0,15.689302375952199,0.417748493949304,0
0.7772888309822612,0.47171508036206,0.24026577882096536,23.875165061315343,6.0,35.15442983048776,0.4938302127398768,0
1.2471203534932989,0.46500388448384955,0.3371826592820221,17.89649270664667,5.0,35.652632301625275,0.6616805968384908,0
1.5284281573481069,0.297379455863923,0.29150302864595745,7.605956555845459,5.0,68.83279949920224,0.5745829291553113,0
0.5503458462364685,0.30385387456676827,0.16404612673440405,42.05670875224628,4.0,36.90451505819452,0.5073195026247205,0
1.2411925257292111,0.48386204669385613,0.1136221857753007,13.344819967958513,5.0,32.49851110656634,0.6239016770448673,0
1.00872022320136,0.40015495535105183,0.15916272128887068,18.94173101808635,8.0,46.924795171493855,0.4926908627227948,0
1.7331623461251338,0.1748628730581615,0.028324693325011408,175.4531970504454,9.0,82.43384382814997,0.8595965646460482,0
1.7957219886770686,0.22510030332628506,0.24522261262175477,32.77074312444231,3.0,73.96399598147028,0.645136988294007,0
0.9107091691224471,0.23563601776188156,0.23798762706793575,56.76890112210897,6.0,36.895369352703945,0.5574333625484791,0
0.6457197617333787,0.5993073917879013,0.31629514232253786,26.454053767855758,8.0,27.989464479345607,0.6717184691892566,0
1.2019628883735498,0.5660793507894561,0.30194107047719454,12.885738211954436,8.0,32.39225362880063,0.684769639637308,0
1.6850793934679564,0.3198064642033914,0.25366656652019465,85.88305586808681,11.0,67.79959791115091,0.7572114439063902,0
0.9512805015659471,0.31294229492857195,0.10138108600951808,47.122955457937096,5.0,39.12679012057625,0.5685540841197907,0
0.8380855813339548,0.331746225811357,0.27563168527662374,16.074925633312816,8.0,21.65323258505564,0.4370518772017826,0
0.8284281034547527,0.5456501596278154,0.4098798143866077,43.912937070667795,5.0,41.051909065442885,0.5678472264607672,0
1.6321470229053103,0.3517552043782462,0.23902622679404373,26.10582935580091,4.0,51.55562749412095,0.5112244246089527,0
1.4015425097073364,0.38266553415812643,0.43177092200439626,20.754942347496918,6.0,65.48002297493599,0.6331483444410694,0
1.0197684150197364,0.338494545566771,0.29216261834430657,97.55599852737718,6.0,50.29792671797673,0.7779018111963988,0
1.4340126316642499,0.49060104609722555,0.3591409342691263,9.411833767542024,6.0,43.07179484868599,0.7486879384811642,0
1.8982949312364565,0.17658655929442646,0.09954475770571332,96.59258851546109,11.0,48.725504993738625,0.8024295553431628,0
1.276800661047849,0.10110023047588765,0.16164528754404694,25.45435878476888,10.0,52.22439609923336,0.5745759652555984,0
1.8997198975146878,0.2136923231188984,0.07077069367301288,68.4440646920909,9.0,51.34066680543419,0.7932696257001881,0
2.665033014523935,0.029589382660942288,0.09133811065621014,168.03935786365832,9.0,60.49589240669675,0.7529522720447511,0
2.005284815749903,0.12127256804310703,0.0658480768393292,221.03121954456984,14.0,62.70552619033049,0.9279794526471447,0
2.358686899683174,0.11315438008638419,0.07020021811103715,190.1512419742057,10.0,77.8351569782361,0.8290535379560108,0
0.9627446585650801,0.29799783721440115,0.4049537047054852,9.485810264440971,7.0,46.76415102644624,0.7156791061703875,0
1.5363440311313772,0.18827338025404938,0.010830812118899403,101.56598715349186,9.0,89.34467833976454,0.904415060042499,0
2.482493886302196,0.19911105991715528,0.0015803239163296179,174.78919446048508,10.0,81.28530635088953,0.9566937070034697,0
2.12499899705982,0.06430913644817991,0.07488207796670548,216.2362037532629,9.0,86.2560856837706,0.7859771740196395,0
1.4771119204610832,0.4549168270584524,0.23481021012060754,24.587208811398522,4.0,27.42192133028684,0.6168719805894808,0
1.0889407933405542,0.257236898737482,0.23210437165437584,23.129102882823478,4.0,55.0849883010175,0.4731299006853916,0
1.1389117636334254,0.4339111418601981,0.3335355596892253,34.52765351869787,6.0,48.23933708960996,0.5993000482025905,0
1.3659639941704125,0.4170543085450534,0.3896030073257861,10.374549891227304,4.0,17.73615765656448,0.4094950542144622,0
1.5441351547368085,0.21676058753330862,0.1426570653764082,40.27670118101349,7.0,39.460853758858214,0.585963740187002,0
1.9430385380161348,0.09170961635971023,0.04423141270678932,131.32765654522356,8.0,87.1454663430444,0.945323508857879,0
0.8426810184371034,0.46544163608749267,0.37651337757337977,17.82766159473612,7.0,35.73391853721352,0.402369268995896,0
1.588603710109004,0.30807087122770227,0.20379738458254604,90.16371932665119,9.0,56.96562307542319,0.7047671201333001,0
1.0872354727566382,0.3506589867500063,0.20972443356750664,33.73597689160247,5.0,44.49528535483547,0.49226725853066405,0
0.03928610410568952,0.899756766919188,0.7444951845136878,3.1863906026954054,7.0,96.09622292517425,0.10780141735533322,1
2.170258263621229,0.08180702640914594,0.008671148364319915,117.80254774245782,10.0,81.00172084503288,0.8092655192461657,0
2.8995348324003167,0.16087218312259416,0.04673816015552915,213.40978637287188,13.0,58.82003988680072,0.9573571537206841,0
0.296543138393487,0.7206065404941476,0.6440232727633441,5.086113031095982,9.0,82.52801321202789,0.20996276648282036,1
1.220357410698518,0.1030538657288377,0.0814062613879137,66.51356387402154,6.0,72.5993037481997,0.7382338270322149,0
0.07586207914146595,0.6776108505875486,0.8336036226994898,2.62636900505717,9.0,92.04124900693424,0.13822259315198065,1
1.664018527102162,0.4362152979051913,0.2839027109289055,5.387778656865506,4.0,72.24249119187601,0.61585503378312,0
1.4192692613280706,0.5289647261916463,0.25161669447256696,19.491473775550332,6.0,32.495858265535695,0.4984533833816415,0
0.6033221709166954,0.34775540257246784,0.4464100691403221,21.86445894845379,4.0,64.67599866024379,0.45000395056686227,0
1.375055917570339,0.3106623101676337,0.23950044128333664,57.763900565333074,6.0,36.842596004087646,0.6887890958448193,0
2.0411380297773807,0.011054081900245528,0.03573696235020542,125.01722014466854,8.0,76.3669773569626,0.8013475744181017,0
1.9627902396522963,0.15525554848604206,0.2389241273560631,50.87138738650495,5.0,41.41089920732366,0.749774410180748,0
1.885725711046165,0.10858834115448149,0.032045488556345515,128.18914354137078,9.0,61.41613566543391,0.8672833592430292,0
1.6641685370795687,0.24549968136399705,0.10025403716938998,82.02218410655775,11.0,55.757217409685644,0.7460185598522222,0
1.830011206511035,0.11333774558629547,0.19880392212916237,98.78653751737048,11.0,67.02687279837683,0.7285542919567306,0
0.946809934915529,0.20343839974498823,0.3084999123843198,27.77935031305373,4.0,72.9927004851133,0.48433349628670835,0
1.2219010353129496,0.2583852964711695,0.5379844149137809,19.14454169801032,6.0,30.89211736276562,0.6675773621543014,0
1.2119140616964603,0.1591689753717546,0.2773253289100676,80.94582669518611,10.0,36.98139768267503,0.5893614882147328,0
2.6184719868567865,0.06827569883623856,0.08005771175153205,225.12061373076503,9.0,75.39388616057656,0.8213279983998034,0
0.7327314791009374,0.5134128611257448,0.15467852940344018,25.72480901407537,6.0,41.79139345505018,0.42846435360150054,0
1.8802230741258157,0.3211245370261252,0.28795811217436723,57.08882254962428,9.0,66.36243630562828,0.7984675081942965,0
1.0028357557792882,0.24383496730653542,0.44425385182319577,27.779876399799484,5.0,52.80013479432782,0.5934088129196807,0
1.4460721881039498,0.14603480428729562,0.1738251540964605,36.43498817337897,7.0,59.48893508168062,0.62913581265273,0
1.6681055564980463,0.17255291274817564,0.0001233062511908134,166.38845048818877,9.0,66.65829563537233,0.8578317550366124,0
1.8708848599601555,0.0499340757867653,0.013949884796218993,226.29580439651747,9.0,62.92391391439669,0.875794631681222,0
0.13748014774531553,0.9243598075618074,0.8886265999961033,0.0,3.0,96.89388640411586,0.06247876117301322,1
1.465148271628315,0.36132664136706283,0.27485138242545365,29.902458738405823,8.0,20.66402706926136,0.6167586466999723,0
1.4439381122353427,0.30716196198174883,0.08471284668770744,93.2452879688096,9.0,58.44437535657465,0.7030498879893301,0
0.017397096718362003,0.9214556748567817,0.9453438636978327,0.0,7.0,99.37065797744815,0.07853832878160621,1
2.0108861933872864,0.09976339170629706,0.053141104100457776,97.846551702332,14.0,68.94933773455392,0.979334418137919,0
1.3617024577467118,0.18177806400529034,0.07754014901333083,98.58339517152062,9.0,42.70971563162982,0.5936748076306708,0
0.8429035310767139,0.2751872766819578,0.4899410091113743,30.858696450063665,7.0,38.764268976216286,0.5560344119052992,0
0.1535586474115246,0.9290526814032378,0.9969086777267369,0.0,7.0,98.85934981887281,0.07023607992204485,1
1.3770897346177766,0.15521970871238505,0.17659351737164064,91.65908247737788,8.0,66.69582587400211,0.6996486773280464,0
1.1418376285326681,0.18880108089900194,0.13052015157400904,92.36878338836078,11.0,71.76639595733246,0.6399774717483687,0
1.188149331475618,0.42451824048484343,0.3357759378156753,19.66409366482655,9.0,27.057367656096133,0.6114377027838824,0
0.5698060993712306,0.33451284460866076,0.32184640357375194,31.986876278630678,4.0,39.009967113013474,0.4534116725089786,0
2.7801046099022493,0.04678789717306815,0.005830274168906602,127.83526164373941,11.0,65.27578152183392,0.9154791286817238,0
2.3178073518339604,0.12398319603682102,0.06967249452745534,226.02426244788322,14.0,87.41637686962022,0.7565043508878925,0
1.989357543246085,0.12831226519287045,0.041225859646407514,209.1393188920871,9.0,86.7027148519991,0.8750524123283381,0
1.4747593335456102,0.3724434255646145,0.35307488061836567,32.1039383300171,5.0,37.538528131321335,0.6120245750792768,0
1.3162417117482725,0.5732554047129088,0.3753725363238619,32.47683989286031,6.0,33.95074861942118,0.5933848090370977,0
0.8934051817614407,0.3173450299854017,0.37768883680201115,11.527261452243,5.0,39.060293741919395,0.5478633420807301,0
1.1362410863719972,0.2939577008788097,0.07802480810660552,46.62900275606273,10.0,55.99688382817261,0.8051293553459098,0
0.8019392591933079,0.25224423691585063,0.3179180676157811,18.631003909390103,6.0,51.39725673268527,0.711328086430645,0
0.017692602550828135,0.8673823004219555,0.8962141948160186,0.5453958094951905,7.0,89.02760743044063,0.06443233559056724,1
1.9641638134858883,0.2147990239230163,0.20897981629731344,84.28099512591794,8.0,44.65956242487176,0.8093351145786356,0
1.42257709898456,0.18668812456526568,0.2599028973848036,81.41238001483303,10.0,46.91499370572423,0.7320035545773922,0
2.1289514818917152,0.12941435962866504,0.03423624333000541,149.38663359927222,13.0,70.40175378817433,0.7814517545780713,0
1.2208807420919343,0.20251262832399436,0.22398340060054223,88.41399534086707,10.0,63.83672760314706,0.6021962677208805,0
1.0313682274469722,0.2903764632992366,0.304828656557675,5.10070741661038,4.0,41.77546289106239,0.5512960676636621,0
2.4283745717602887,0.151993376740146,0.012829325851112017,212.74252026823814,8.0,87.8479010636373,0.9320937414366023,0
1.8850826423027494,0.19395431576620203,0.07847220208513514,244.49081441957028,11.0,84.33477941906065,0.7855259814629106,0
0.05969140163824406,0.8605301172762325,0.8285252384910673,1.3729064115293994,4.0,99.82647183159317,0.09221386814570498,1
0.9383365962375816,0.3244451940415399,0.37955505872997075,45.17715819745481,5.0,29.47810947428018,0.4730065761760831,0
1.7286197135828008,0.19817751464023092,0.058216917566617246,33.707448092616744,9.0,36.548904049159844,0.6486830951429479,0
0.7699191530267564,0.499656193783907,0.23949079309667223,25.701435157843125,4.0,49.457904365184525,0.5695203349762639,0
0.593346245680672,0.4182138589500466,0.10609876845091826,12.804613410853575,6.0,24.50935115454346,0.4479588327728442,0
1.6445237693192598,0.18883996758899962,0.19887492647752952,41.7658075629425,11.0,53.84596540554891,0.6559563489162883,0
1.7603502947777048,0.16876683014722726,0.3464325413935868,6.211946565668617,5.0,53.12632257865258,0.4972540193052158,0
1.7397059779075912,0.2638985338388218,0.2227830036343822,42.0858363314788,8.0,64.67283654291671,0.6213729659992993,0
1.431554660020645,0.35971495868552683,0.1628887053828723,39.445991719848955,4.0,39.47136196724796,0.4078381348517142,0
1.1482160402713806,0.4734117743759796,0.21114421286065055,18.628693531304254,7.0,49.57547526106533,0.46205570851045463,0
1.628924641979994,0.23253917943299585,0.44761791685239627,7.658359812649895,5.0,79.30251783418296,0.7361809199587104,0
0.17387296561284032,0.8864886463138485,0.7891886536449901,0.3043922618840931,11.0,79.62422404737136,0.18996167848787357,1
1.933435599023151,0.20981801545262296,0.1171284119099555,35.37152511205804,6.0,62.94534274746718,0.8422328856941746,0
2.357592078564113,0.09469788021139076,0.02669756630918936,136.36672954823388,11.0,70.36190111067663,0.7554030199700826,0
2.0281807108883005,0.0574946037096846,0.01745371316267883,209.89292908161937,13.0,87.17359537760291,0.7581481108117536,0
0.8931132830091892,0.3657522418959678,0.2624024024469355,39.59863797853219,4.0,19.18015803773071,0.6075256100939943,0
1.248811801884228,0.37941456530682205,0.32471872514797345,9.596834590626532,9.0,47.62978066435803,0.6217705891247975,0
1.206407797364991,0.2861605908386001,0.24332926631081125,28.554157672767097,6.0,48.844083986900834,0.7256363928200398,0
2.9996480053715158,0.09107042428869745,0.08725317491484982,162.00392078694944,13.0,58.071578397004274,0.7785047978336377,0
1.5919560986601633,0.11917159014619705,0.01190241499821686,121.61005740453871,13.0,66.5072968957008,0.9327574682871027,0
1.8881687043266604,0.18437242659610964,0.20273966960417467,70.66058569041957,10.0,45.69198675242388,0.6165856754341202,0
2.9638463105518444,0.16843093110337437,0.09433823512778529,101.57899365445635,14.0,82.85259978084395,0.886418923520262,0
1.6962291477636386,0.17558577803557074,0.1903733833175466,37.6975211514588,7.0,67.77598028537314,0.7951816657834834,0
1.338882761964288,0.5875058439451255,0.4160835141305763,26.64875676819534,4.0,28.94218729552763,0.6688551003914629,0
1.4711040292757631,0.42153771119466665,0.3979211339049399,12.651391960944842,7.0,30.74787779669671,0.6545402828225388,0
1.1451859606659762,0.48191828415270643,0.2515924226202096,34.240088425478916,9.0,30.524943005745726,0.6272843133615736,0
0.076216540705186,0.7537576028725655,0.5340639750078747,4.332732406647181,12.0,82.17141457051873,0.15018049297812153,1
2.673007756107266,0.17336028765238531,0.011410407118363719,204.5102955089439,14.0,70.4031044834579,0.8882759506028188,0
1.3398742827317391,0.32356348914973715,0.15597465715395095,24.001352523880144,6.0,20.060487779437384,0.6626314719382724,0
0.9772204109543595,0.3864625159370809,0.2925131084488847,23.319402572209512,5.0,27.48773443866392,0.45271209781063876,0
0.7349281795505341,0.3030736081150438,0.2188116896997417,18.7568832440141,8.0,17.18056195992993,0.48115587901306034,0
0.11343339038260732,0.9972764828602675,0.9893706878800681,0.0,7.0,98.55046986498404,0.05070816459004382,1
0.6619363533783896,0.47962153068844354,0.3383786866768931,19.73335490383687,5.0,23.409056109617616,0.683894628210385,0
1.680013818036021,0.239471669624936,0.2310479254372942,76.1042151477896,10.0,57.03035568812775,0.7811827997915296,0
1.5508569381825215,0.1636117610995252,0.2169979910863275,23.606272961776398,3.0,59.581942728988196,0.6993270068994031,0
0.6150276024303666,0.3136292264336283,0.37661007841040994,25.792389666877536,6.0,27.168521073133142,0.6272118599639357,0
2.156984404380559,0.12780272985283292,0.0002308772586742003,248.87264472990026,13.0,64.83137350874543,0.7655157766350388,0
1.351995609419478,0.5171916903389899,0.2187531060426598,40.079719797870084,8.0,40.49046028692307,0.5802673679525157,0
1.6604032877000003,0.4047165762863939,0.47576758878935227,7.1547561371597315,4.0,70.22947368120718,0.7369906068471164,0
0.2542176062662618,0.7950346401693411,0.6800923750815909,4.127236654558271,8.0,83.51065773110169,0.19809982880051424,1
1.971895988148001,0.17491172408801725,0.09379634931276469,41.46281132112573,8.0,54.110090214118145,0.8123516797339535,0
1.9278465070731083,0.3403151291870949,0.22017094391635134,86.33619454331264,8.0,54.65214130799599,0.7613374864100251,0
1.164131476870153,0.3190861673493793,0.0906874298249641,52.31460321293954,5.0,68.94674748589318,0.6071928269817978,0
1.4705166637521065,0.5845220884913143,0.19567780258234735,9.235203310173258,4.0,39.79680415494286,0.41794036278176183,0
0.833913553780803,0.32805904539237846,0.19804843567099228,43.3990857840158,8.0,37.95350776716256,0.6900082732308811,0
1.1160460379678798,0.2487346171194338,0.42715299202127255,25.718051688400532,7.0,56.319404194504756,0.633359190420831,0
1.1684611177047122,0.555016419336884,0.1398897054642444,46.832887239383254,9.0,33.17020053049558,0.5874226713361603,0
0.9154292000173698,0.14714001965863951,0.06915966536272038,70.31006539128035,10.0,74.46364303396365,0.7515953612973825,0
1.506824985092261,0.11545299026792885,0.2555318184760267,41.2484151673252,11.0,67.18184025271788,0.7103135329790832,0
1.3776347968064058,0.4384443215122787,0.1337832667569757,12.43609130345679,7.0,21.923155878560934,0.48482521179559257,0
1.2098622992274988,0.5270529129238645,0.2373458975759689,35.58369373645991,9.0,36.42555160767123,0.6219324884803179,0
1.915861452743559,0.11824033529003394,0.06829517264523989,58.839133415014935,6.0,44.8040112934013,0.8388081556517493,0
1.4077679725980552,0.15575903199957383,0.2860364116651165,45.62281553778374,9.0,44.70696171820108,0.6600062683772283,0
1.121450722492713,0.24737658260086695,0.2662958636969689,48.84883784623844,10.0,54.34199929722973,0.8353134562518668,0
0.127207649530683,0.9622467657125077,0.9851174337864248,0.0,4.0,96.91113402988614,0.06410152152117524,1
1.0044238448813643,0.2013009439138691,0.30034244625368156,12.17613256251714,6.0,69.34324504685932,0.5536439034042199,0
1.3904474505299382,0.26624881276795953,0.3649488226027423,24.089318199877233,3.0,51.415275513759084,0.7386405596950576,0
1.0213802064412296,0.4440427406486176,0.19610440093185494,25.831353574741293,6.0,32.60129477677358,0.6749159231267126,0
1.4000434579251677,0.11384801542882442,0.059971400678286005,42.05432092171364,7.0,59.85922230140576,0.7188873561358875,0
2.5248875364882193,0.04565057509268411,0.03307357420548667,238.1653849901556,11.0,71.12693618338481,0.9278895103991944,0
1.4210062932722591,0.27024165003128975,0.176927210883281,95.54582486256689,9.0,35.63665212158844,0.6209120606226954,0
0.8659656042872441,0.19129195738729615,0.549605091417501,12.79749505667171,4.0,60.45929768759587,0.6645210500420445,0
0.751061665611321,0.4836343307745521,0.4148924630936889,8.040124003786183,4.0,23.012682100778058,0.46297586899718146,0
1.2939731802652683,0.17804501815169904,0.1314237024343961,76.58777949471235,5.0,62.27266902585276,0.6103613494377619,0
1.507112089367811,0.17067389186847337,0.061911908642697404,107.66639263784279,11.0,82.05280858473495,0.9638728854476464,0
1.6230407630825825,0.22795559722618927,0.15572903576071867,86.16270669440925,8.0,65.27745343770236,0.8494767853645888,0
0.013948233754610097,0.9894192882730527,0.9735997370435349,0.0,3.0,97.01792598938903,0.08699546219867216,1
1.7581186289601614,0.32715444312875297,0.23278484422701495,72.01121770977271,6.0,52.097167633940145,0.7030977751227203,0
2.3328834298500842,0.11928901987205467,0.07922708371704024,208.02245651548665,9.0,86.23895231782805,0.9514431745855754,0
1.5407732002463774,0.19170305879509048,0.07100168800546235,188.0452601817314,10.0,73.60645215434037,0.8690334552726026,0
1.9474248980643616,0.16975245085353158,0.2897926347667621,91.5760882442501,5.0,46.325403055500445,0.795084419276844,0
0.56867798554917,0.5568474487476505,0.1671629952438926,9.388486422894816,7.0,35.04464475766178,0.42498676611538033,0
1.4989156819066136,0.17453057297092334,0.06735413286234139,79.25571273718447,10.0,61.647146084600905,0.6111342912840189,0
1.1643901005318429,0.20531839013788095,0.09494292694872795,56.555040337375736,6.0,39.528691320282064,0.7506084288530258,0
2.4637249139933215,0.15579927091562581,0.01345522084131471,171.13156611109832,10.0,85.01502504428952,0.865699841398379,0
0.9697985075456973,0.5246194433131016,0.4369825996465998,23.959879478597728,4.0,27.270994733475614,0.5831545679741188,0
1.400580814263145,0.36441655987012983,0.5036354112247026,10.182046139722,3.0,52.50605983706641,0.5785931737479737,0
1.3379796982340677,0.5438405674277548,0.17896322148114546,14.431170681670984,7.0,39.15337818994617,0.5405926769024187,0
1.6993731549471076,0.17277454092434374,0.08097265232208946,92.55112748216823,9.0,37.14861460580903,0.7971023469473693,0
1.5310384204591383,0.20872103860536406,0.13052650026681567,69.40021655866528,11.0,36.02127348553801,0.552236929427141,0
1.3455446425540043,0.35813144145623016,0.1647440831642158,26.495825666561053,6.0,15.166304073686819,0.6078558864688774,0
0.22196795044304063,0.8935508956584293,0.8535659023384061,1.1973436085975324,13.0,90.88881902910555,0.19086098846816485,1
2.200081505590551,0.008760753157445756,0.015428949206754784,196.1183220512173,14.0,88.86284063519736,0.831456339534538,0
1.4689749032410409,0.43460118604646514,0.1155601167527332,17.22256577758597,7.0,26.985228138164317,0.6998468212883757,0
1.4825709278379318,0.1920480250674721,0.4338679257076205,10.351709289610262,3.0,35.91550891239632,0.4987590145848238,0
2.681689275958309,0.07655663255605115,0.09799785398901584,230.2000721920303,10.0,65.54621251819154,0.9425482783844638,0
1.5708766261256848,0.3779857056967534,0.46928559602559283,17.637458263655827,3.0,54.43522472758116,0.6604986306493258,0
0.7965272719100943,0.26991363340666585,0.2895296380494859,16.49659669418765,7.0,35.06030637201202,0.5769846325997317,0
1.7428040409431111,0.01871327712176014,0.054967339926274374,135.94272796821588,10.0,74.19392076121514,0.8054558255436695,0
1.2521069327383605,0.34485142572348754,0.26430579447297387,38.72921978885914,9.0,22.37114651395833,0.49118807760582567,0
1.4015743271655694,0.47959904173730505,0.28500105048676183,45.386827419077164,9.0,30.906160485746888,0.6434712088086528,0
1.7742513327048715,0.3046754569257536,0.2346898549703118,97.03978479285284,11.0,45.82158514741664,0.7979946216970862,0
1.2131154440536525,0.42067836487117916,0.4484417053832678,32.361238365076005,4.0,66.39256630997704,0.47295337464907605,0
2.1958834291650753,0.1885136800628676,0.0734146345760918,116.59143719045547,14.0,68.23701830533884,0.9629305456881296,0
1.273998822094649,0.3067975022867525,0.2065014399667281,44.945851803541665,7.0,39.16449600869926,0.451599003509843,0
0.8693837736330154,0.18166044347790494,0.2443448004003999,9.905496323788094,5.0,45.10147160421393,0.45330500399866064,0
2.674230848472968,0.18848085016170452,0.002226882062960001,182.23336967792915,10.0,81.73454235509253,0.8212018971624724,0
1.8115758800273087,0.05063692122532031,0.0030054578761178788,100.22206282583592,14.0,87.08969426702186,0.8303832478705829,0
0.5384169357690446,0.5718647209642156,0.43347445235140747,8.146240794753695,8.0,21.30679607981325,0.6343913551839554,0
0.8597126576714287,0.38941036426407205,0.17677097253664184,37.65749169867324,5.0,38.06839517585309,0.560648228210303,0
1.8882829016666374,0.24338146542711206,0.19478829646599494,37.5468421303172,10.0,45.20069850813707,0.7674208655353876,0
2.478881010840153,0.16087836558941548,0.05327222760657402,187.59599697549552,8.0,80.72126068086018,0.8006011482814296,0
0.7949889836987081,0.3239325785914655,0.4334936696758027,8.101696996856539,3.0,61.699129712547325,0.710611741276146,0
0.9783438035322846,0.21169908617264221,0.18576667372756211,45.04995358431793,11.0,37.806403979408394,0.6509821100696551,0
1.3622540353702481,0.10781931281870161,0.28998560483609964,36.08150838040805,7.0,49.136279058123655,0.6654383904987122,0
1.0011468399329608,0.3988954416809043,0.43941222935955726,27.93915315170237,6.0,28.025267858825025,0.6019496286904109,0
1.2867558721562373,0.4802853733049298,0.2871839542327421,29.585420636341873,9.0,44.869389997385014,0.5832618366710345,0
0.8669694941063661,0.3775613900372705,0.39642629703487575,14.740344937418218,9.0,34.406089499673215,0.5132175314214964,0
1.3946417649830516,0.2543367749814215,0.08791592719486115,41.16780327476638,8.0,58.91117362520153,0.6825703221235212,0
1.4520316985532247,0.34580810804993306,0.34215081589031626,29.244906055374084,8.0,33.60247661413325,0.6119469155802064,0
1.1160108304827516,0.3136224340913811,0.055196706118960395,39.68287016572935,8.0,67.00799772146013,0.6520774635678017,0
1.943086192064776,0.18266365936645598,0.008873449300788917,149.16549269644048,14.0,87.98766167317184,0.9876662103673715,0
1.6492170920960922,0.30033723285548475,0.2010768259497303,88.51556523354344,7.0,51.26008815068441,0.8046316255181429,0
2.087756564865079,0.04003668611697191,0.06800349354078915,110.8246479901949,11.0,64.22163998662612,0.8388044585303,0
1.5624212607928387,0.09879816384890379,0.032986121233278536,104.56911210722797,12.0,58.61910387028931,0.896911143044428,0
1.257618681905167,0.22233979915584695,0.18867988101466932,26.519407001330954,5.0,73.94656292693354,0.7460214436010927,0
2.450962667521628,0.02117948075015066,0.014033959706391264,151.24943428377165,14.0,88.81811692501137,0.8990106383085932,0
1.681320596214597,0.26825656592795677,0.13302937957805505,86.96971863456571,8.0,40.13189291697111,0.6085432661614946,0
1.7532831515098395,0.401876724755049,0.40754776816479865,30.46601543178085,7.0,52.07353061664519,0.5068340579582125,0
1.1067532927629076,0.28039481107471265,0.10409989082031638,87.17786918137618,9.0,43.76466696338538,0.7590118087228233,0
0.08423702426489765,0.9406710898771788,0.8147550996915237,2.1569945957614856,11.0,96.4400628160127,0.07540288156928364,1
2.594115689398956,0.15974996555235216,0.06645797095273141,223.8783128882948,14.0,89.75846019511727,0.8550407136311596,0
1.401042475432123,0.2348076394139193,0.25684816555887713,50.240775691556735,9.0,49.64765867850501,0.5628171689741288,0
0.8029735170284278,0.31399062720342047,0.202506127111228,34.68522487736524,6.0,67.65428290303308,0.7651170899321633,0
1.3819523002923382,0.27916634261613216,0.12167300636426885,81.82873906094906,11.0,66.50250250158817,0.6252728886624737,0
0.17895774538965215,0.9241525750460398,0.9437654947109646,0.0,3.0,98.48685702382672,0.09937255859289254,1
0.8171696946582389,0.44329559631217474,0.38598599761646313,39.30493794177107,8.0,49.55690572696796,0.5110982424808537,0
1.134840219016306,0.5205995570046714,0.1851272785616231,44.7918882526719,7.0,28.28428874761373,0.48134101536782453,0
2.1043194127614444,0.16682417840042163,0.06813294726896911,112.62659743988452,9.0,61.14117863026807,0.9529970503776362,0
0.635035926111097,0.44513902708928144,0.41904187035723456,17.49215464523892,4.0,67.25687093376925,0.7336423727225001,0
1.4680464251820609,0.4286273709767192,0.196877460391126,25.906836278423004,9.0,22.404012944434147,0.6656916310602388,0
1.6272565444041778,0.26086555853840243,0.2569810367891431,89.63688245813073,6.0,46.782242998655974,0.5568400742724908,0
1.6317596665135334,0.20228648372693941,0.31925448963094455,25.760864231953505,5.0,71.49893175811118,0.738547542149228,0
1.4086810130729845,0.3342537502190659,0.1143326717987458,61.86348797896299,11.0,41.95107551129563,0.5673078014999321,0
2.187393062304771,0.02580601143640835,0.015232671015757572,187.48807821513572,11.0,87.26483575542483,0.8297891236520175,0
1.4635213640591767,0.4848771874807484,0.2325230454405527,42.996060720490185,5.0,22.165198576739435,0.5288176982289046,0
1.1480574137283122,0.342894031227014,0.20541710312882122,75.31910204154711,9.0,53.19171029268199,0.6363584201472348,0
1.4676360731796008,0.4246227543445579,0.1476656731395974,43.027998358992974,4.0,43.730334199801995,0.6084578858628353,0
1.5033643462087172,0.1296942807738946,0.2472855099672316,46.09863804054122,11.0,62.80859292240074,0.8230269022390597,0
1.592542686192043,0.2319949644576771,0.13356835292859542,36.17333681346408,10.0,58.362533707842026,0.5634824210527621,0
0.6673722488116973,0.2959657264047753,0.43658806736427225,19.283013763011507,5.0,74.87742192327023,0.4632253666612435,0
1.3160318835746256,0.32083631767574194,0.1110156946982976,68.0541629336366,7.0,62.37223278719047,0.5682489602504085,0
0.07598961842342368,0.9820416247478547,0.9187609182202209,0.0,4.0,97.52644216781667,0.05126054902140815,1
1.8035450471928454,0.061191324830130504,0.0579219568941896,110.05137309966939,8.0,84.98149994323315,0.9396298824588025,0
2.393570662028591,0.04625610793737045,0.08738884979038014,123.12296611551085,12.0,76.37695466323964,0.8883852100224029,0
1.0453792765719077,0.5168082960778589,0.24487009403746376,41.1390971056514,5.0,19.805284290673956,0.47140940787818386,0
0.7047219425410433,0.4641755742142778,0.42156054741375415,44.5541754215759,5.0,25.704020448268935,0.5285792600666911,0
0.33937939406068585,0.7467638548522155,0.689333480426446,3.05212262370142,10.0,95.16420003127315,0.15903466974328667,1
0.6516856171164914,0.3350375483319952,0.42333310785442857,15.300719263649189,9.0,27.901760586491044,0.5367954548482181,0
1.3811653206259396,0.3154822994916788,0.44066616839478245,37.56034516485498,9.0,22.156616425488814,0.48882637559637937,0
0.29470702171775487,0.886996964706082,0.6298131934307117,1.9496882174026577,10.0,94.39342625132325,0.2191959410180067,1
1.6487354558982215,0.04139703192816795,0.04227340342720623,109.94351085942358,8.0,85.10986601766294,0.8300993008993269,0
1.0420829197907506,0.30410359328210335,0.435790029845016,32.175462388765666,5.0,35.620538554319666,0.4634413401261458,0
1.1837127129568437,0.5281881696333349,0.20335972757066284,19.955318191157964,9.0,24.57422597342741,0.6001885828048599,0
0.07388810594591416,0.6493639456389957,0.7124382631048591,2.5390408993608946,9.0,85.27206899715917,0.053151204040683166,1
1.362867785443883,0.25294119299857787,0.2871932699342273,17.8873296513629,5.0,69.80808045197259,0.46001286766648064,0
0.9118618552009525,0.11826031869043974,0.09641442390434259,39.31638599291678,7.0,42.112578561821714,0.8145158269824312,0
2.091722276908132,0.1475595112212746,0.02574519593239634,207.89591545370396,9.0,81.25930957818815,0.8661699094643324,0
1.6172342098280823,0.16995783956100724,0.06138282558090116,184.50524651200914,14.0,69.60387634505402,0.8929604941302773,0
0.9668060942147184,0.30195847742657045,0.21929399041583092,39.61282648610439,7.0,54.340465640147244,0.6818050185568676,0
0.8727403698100078,0.15615088260821186,0.4166895913936347,30.937936640571582,5.0,49.87856044806729,0.7320140778242709,0
1.03414122100785,0.2849509511685713,0.3819858692488288,8.203994687703974,6.0,51.253293493647895,0.6455943645178569,0
0.0913051989984008,0.933596466196749,0.8855839371492588,0.0,4.0,96.57297553778868,0.0921600961787045,1
0.36677923056645845,0.8530197622379805,0.8105699723792663,2.5044290335230253,11.0,78.46605197495124,0.15105706917672193,1
1.2154573464333098,0.2462869554103258,0.19910811697271047,48.60249352278498,9.0,48.21271543101701,0.7582135039558442,0
0.2702423495369247,0.8130830963237747,0.8639596929933857,1.9287833549698261,5.0,90.88992490006369,0.2035392336715437,1
1.3903580016542478,0.4786178338329823,0.43847526982393537,13.006092744406793,8.0,37.118564180785256,0.6150779637807386,0
1.358599996602869,0.1118683743582736,0.07089050803711956,54.27071063292574,9.0,41.797623654442695,0.8359611323525946,0
2.6244279283843013,0.19836154329952566,0.05314138115972438,192.19927219619572,8.0,65.58680983982748,0.986883899916498,0
0.7104930897717057,0.484579226353156,0.12691791567689506,32.252548982674426,5.0,19.40722455202531,0.6455984570927973,0
1.477747867643296,0.5074252779089246,0.11827523427882008,11.890367967162891,4.0,18.08588374234555,0.6857866779675831,0
2.668126355948692,0.14337803783179912,0.04493615021437887,126.28106551367704,8.0,86.59108387903446,0.8639440724584028,0
0.7263421707967468,0.19405210402952316,0.2983665950355297,5.3580744612598785,3.0,79.3025647168615,0.629515222485795,0
1.097638168959843,0.47020769215724667,0.37076441806455684,23.185937053390646,8.0,48.292696043977145,0.5683652568348364,0
0.11567924470426978,0.766101555055064,0.6046725432860637,3.7527900846234505,10.0,94.10733323803825,0.09403080528443224,1
1.8223580427219088,0.3159205098554675,0.18829965788444686,50.80278761943653,6.0,46.69870819226255,0.7897322345319818,0
0.9645594261684831,0.20499770670063278,0.3385259677254929,34.38038357457813,6.0,39.053568545261044,0.5456621830268907,0
1.8280840213241312,0.17227582029862754,0.22500253851685603,25.5511104298197,11.0,59.620667790326046,0.5889271570217011,0
0.8304515727001435,0.37014151473694445,0.35072073083053673,10.232472567627905,4.0,71.57201036254799,0.547404249659978,0
0.512535209678475,0.57293768514881,0.3246346284627273,32.48659918129217,5.0,22.055632880182706,0.6099838556285908,0
0.6736233448089892,0.34252962657300307,0.40457200252790376,13.729015439913786,4.0,41.453963438503536,0.7307029110588128,0
0.7418535214134361,0.38012125510372063,0.4426668537632951,29.43580565963211,5.0,55.838582971555255,0.6482493891406748,0
0.8520827946342588,0.32252681418995727,0.24726172818752276,36.0853952571471,6.0,44.33584619382887,0.5697744735397465,0
0.06117688871142862,0.981369978225404,0.8828663604085984,2.0008301112308375,4.0,99.11159017132768,0.04549966599195785,1
1.5482236317042752,0.11399658071880658,0.0154283125413476,239.98296840999853,11.0,60.85777498754628,0.9066598044243703,0
1.2618949366412522,0.10080192267129601,0.21847278860190927,29.07183158109344,8.0,69.64681723270976,0.5567961963123812,0
1.7213113387860197,0.3491268544369307,0.38007849348465844,17.69917832658077,4.0,70.89831374185519,0.6532502548458378,0
1.9811011784301775,0.13063837700456374,0.06728533946848934,153.90915695753785,13.0,63.00259609317401,0.9304766948781691,0
2.9293490926046175,0.05818356762802373,0.05150571292317146,123.51406539649247,14.0,60.761273615370634,0.7612276548480823,0
0.9620564304925039,0.32043901799608676,0.20127539866886907,30.794428439546078,6.0,43.564844916418444,0.7492611507633105,0
2.149497322754721,0.08764767141751471,0.024535626493362675,115.60263784810292,10.0,75.57376753491602,0.808138253800919,0
0.04670572027061415,0.7820159547864522,0.5957986548480035,2.408679599208367,6.0,88.0258135895129,0.1420195043205349,1
1.6903432437055668,0.3199255041200229,0.45299047052138836,20.720266838563454,4.0,71.34911019389907,0.45696676654711277,0
2.2133417598494023,0.012066163714844348,0.0822213546093807,190.19123404341283,14.0,82.36149666508808,0.8570424658772183,0
2.695225632487743,0.04652814839328674,0.05307695905990535,183.02268951900186,8.0,85.3708633821604,0.9007767893346814,0
1.562401091657101,0.20835493887712664,0.1111341439379515,77.19090761712066,7.0,58.37884378845959,0.7057941722247076,0
1.0818048591404459,0.48954046390554495,0.2944330174870423,40.45310697456189,6.0,21.651431097225363,0.5667136398224191,0
1.583964318762877,0.33432312847802004,0.3485742617418871,24.86488831875647,3.0,36.57569633778131,0.5167870091472568,0
1.098409594443408,0.3216394784165696,0.07438617669324567,73.63361279407349,8.0,66.31352620223137,0.7343818657757278,0
1.2516483100133136,0.46816719919602257,0.4809885299563888,6.229873094060924,6.0,78.42832089892448,0.6726468607875311,0
0.20195832870626684,0.8822959809215375,0.6392382979748517,4.594195849410746,12.0,81.11026969314163,0.21000324821327782,1
0.9986378018540363,0.264631870712691,0.2979738296823996,42.6606377801316,11.0,71.2246958826995,0.6335849677624518,0
1.2205543442641758,0.2316789570552502,0.3579446154667295,10.879828164212729,5.0,38.93646879624592,0.5401969410400332,0
1.4970456181236584,0.10158116180993385,0.27692397588460566,30.331554770881095,8.0,53.03698989263978,0.6122118625718145,0
0.701604086118659,0.4265163765496479,0.2841715285971605,13.480632060359394,5.0,78.74426401494401,0.6843104391837613,0
0.5509570253874125,0.5789299498882465,0.24985851699237485,35.36800587317644,8.0,43.4783826814742,0.5727757828968298,0
1.2712878409517714,0.41488169562413363,0.16032753355453855,12.658152172665709,8.0,28.694773781478023,0.41366272999633585,0
0.9523297247298836,0.3246598496238359,0.2568841885575533,33.87139650907757,3.0,52.34721576964381,0.5556837688880253,0
1.397414808179259,0.1617478119662494,0.4779697272285496,20.256284278324564,3.0,33.759978603923784,0.6542256294143374,0
1.7157647214832599,0.46516419475995574,0.264850652686408,25.58499057055651,5.0,40.73123745603876,0.6969912918691373,0
1.441902597897353,0.32728044632309355,0.15353184824080734,48.91208344774052,7.0,17.762888649612158,0.68565776091877,0
1.2417282668769816,0.3085241256615048,0.3687611960183911,28.07661922527049,4.0,38.80123493512203,0.4674532701518978,0
1.1087655853460365,0.14303947124242575,0.09255757514818592,59.438277745461406,7.0,35.78875776045943,0.565626632490907,0
0.8058080856603766,0.21573432915177065,0.34833252792423486,12.92181767460394,3.0,60.82885398730947,0.5957077521671291,0
1.63758551858851,0.13349798462935158,0.06555177383430523,192.69465141571618,10.0,66.4291394935123,0.7994524618147992,0
0.7476780006901623,0.34661989986962194,0.28668580029223156,37.215943188074036,6.0,30.272563160139747,0.5333964910874187,0
1.1661311046544096,0.43044651704894576,0.37276957784307707,25.89166814009507,5.0,24.57910516355046,0.413585567527491,0
1.5990244476274462,0.30735714004080095,0.11928257808534844,50.47627941021325,7.0,36.69357802436704,0.81062373274106,0
1.7031641187025461,0.4635923527534168,0.32598807450519235,12.73565419814608,4.0,69.43969113353884,0.6674940054732564,0
0.9166551653419275,0.11582090835050926,0.23965022428656485,65.22329664437186,10.0,51.58192096361276,0.8211586587928066,0
1.463193627324376,0.1599526360759449,0.1484428278501012,74.17049368324115,7.0,68.44104814310907,0.7578224500800639,0
2.013605515215943,0.15889140609917687,0.06227087449882082,207.64255940662613,12.0,62.41841138781899,0.9809458290232951,0
0.012469939784263069,0.9767814244596056,0.9145784593215314,0.479869586900322,4.0,88.27036533047736,0.08656597763334961,1
1.0358632683680389,0.3935371324130579,0.40623606646650334,15.416258501215358,4.0,62.637154604970334,0.4900872411008691,0
0.8858774000743422,0.33334708921123263,0.28422663500566947,65.95405500610599,5.0,59.66555725583803,0.6375683204575749,0
0.9258025564315789,0.40515619346919535,0.22470607966890865,23.915245281969824,4.0,48.074888976301835,0.41881137622095277,0
0.8561727714354098,0.42581242712307427,0.3444800287537372,33.56897375428609,9.0,37.7409714105277,0.6708484922716134,0
1.3916072476942347,0.4752336033953112,0.3660443611188754,18.6385347219179,6.0,76.86196451570399,0.73793742847306,0
1.7052319170444394,0.11497438592460672,0.09975800372629173,199.14977172051195,14.0,75.83244941446802,0.8480922732304486,0
0.8534123040154142,0.40947428173635736,0.43433874891394453,21.950976122256584,6.0,73.16680870104918,0.6852727058817099,0
1.157415442500082,0.2966066033638354,0.3719343137787005,32.839502001662886,3.0,53.91621929171126,0.6043878978640933,0
1.7578019496767712,0.24193902921029778,0.08438908687330283,67.30538641938676,6.0,52.23539589643411,0.6670775886841587,0
0.6338091297382322,0.20958626947630432,0.44323194073282757,15.89917680374056,7.0,79.40113156884209,0.6100135209695979,0
1.332507422876827,0.49436676049894795,0.35042254887681445,13.6366363216253,4.0,15.338206881608688,0.5302446353081118,0
2.6926722584746288,0.18920541256346607,0.02533833538391872,180.31290221091257,13.0,58.326721914754046,0.9040414250060304,0
2.612421949097273,0.0937518594027905,0.015287712212633598,236.51319590650652,9.0,66.94854735836047,0.7625266724242334,0
2.816215471836389,0.19191925241189897,0.022833623163192596,238.41012943520363,14.0,74.99246169731992,0.855623770979538,0
0.004769453805201582,0.7645923517520422,0.6764943785828874,4.853258039799092,5.0,97.68265529681776,0.14961760301731283,1
2.1374690784991524,0.07399687356943956,0.04176192926540456,100.1278441403737,11.0,82.81626954461501,0.9594292145467602,0
0.12032647161019439,0.9501199314024176,0.9183595978373338,0.0,3.0,98.62219004047368,0.061053717284952166,1
0.6444513995192732,0.4938537505830227,0.44436313232165836,36.8562924966526,4.0,46.77473256868837,0.5929239033068788,0
0.17215732987510465,0.9420911894844424,0.955395457929176,0.0,3.0,98.18988717840183,0.08624735434746361,1
2.6803865662532074,0.13297017131840644,0.07051653786263351,212.72393527373455,11.0,74.90594185835128,0.7849492495319144,0
1.1929752101992368,0.4304403253649782,0.3811723366979448,49.97976062759987,8.0,23.554106521731672,0.48021474663842745,0
0.1618964473639772,0.9352923194459397,0.8984750694891039,0.0,5.0,96.7277914403465,0.05138577081127197,1
1.1223449360758968,0.3965335841156643,0.12231310774605607,16.820203230675155,5.0,19.33651210241586,0.6778849963214719,0
1.866940699138543,0.0022373506173753777,0.09866259175249645,117.8219828618858,8.0,60.90257086317425,0.8209002874013935,0
2.1957421656943144,0.057885941501613,0.07960604476258709,234.292831536382,11.0,83.0952211850928,0.8165077181554163,0
0.8023386953524985,0.5716755305850396,0.2438987620615913,44.31594419730588,8.0,32.8030770232977,0.5550933966878799,0
1.2394605017603089,0.1396034283619445,0.22168104988951282,43.61289086626706,7.0,66.67319372778738,0.7512817824764846,0
0.7639995656979883,0.3464260789915167,0.4392980933365329,6.490038306622116,5.0,39.27749148567408,0.5457243812029712,0
1.71606446497194,0.1160885704291349,0.06714002901621187,91.66123622572469,11.0,70.2625279945753,0.7451540206398262,0
1.1976530011814606,0.4955889214692355,0.2823103700471213,5.586582486078036,4.0,35.568630475892206,0.5233505578982489,0
0.031706579660483014,0.9422695367209881,0.8965713745864488,0.0,4.0,97.78179666902601,0.09661810231870427,1
1.9395236514809522,0.267259357530908,0.18679156773602518,58.6448356012851,6.0,68.12777868150465,0.8048971607338209,0
1.881823971940923,0.07718425829264297,0.019695954262002626,124.52238367600503,10.0,76.9433319151294,0.8470384586445163,0
0.9372149810816637,0.22764587766203254,0.3208149502212246,31.95517265235345,7.0,50.891450826171585,0.5659742640523168,0
2.4573353293895055,0.0947865475276156,0.09866287468632301,95.94733008131324,12.0,85.64386655845327,0.8210128276316289,0
1.1288538098426597,0.46768246591283535,0.4023374844658139,19.89917069198586,3.0,41.857690856476324,0.4691206462724639,0
0.93791585700508,0.4458531880466502,0.3230909486736661,30.031622494795748,9.0,16.52332537234719,0.6614536966233293,0
1.6001919704407608,0.39444055849268267,0.20795951220371053,28.30082220070054,5.0,47.35096445414234,0.6680653969535033,0
2.4121938178718874,0.09300282639785461,0.04004512452452783,170.42063552883158,12.0,89.60113644818517,0.9545769671759657,0
1.6779524185162802,0.21211456556721447,0.054064277473179614,97.30102767698477,5.0,63.94237416367213,0.8107275611555587,0
1.4285388432438504,0.17005752719928446,0.26500162451565096,54.72698754718152,6.0,44.955189125915155,0.5558218451482053,0
0.22819052134941706,0.859397215463093,0.6126030123913102,4.941806595289759,10.0,98.4102519773033,0.10040684803357697,1
0.008952516978922284,0.9875958604614576,0.9708345264756439,2.731889944851798,9.0,99.63716829645244,0.0988811716623444,1
1.2644205387490204,0.3050261861959245,0.1141689730355419,80.89608791159291,6.0,65.62956430060242,0.7876069728489319,0
0.7840685101418144,0.30118926073014685,0.35959110265963057,26.999375156921815,5.0,52.10425050184382,0.6279477601696254,0
0.6244425278295644,0.3061902864097642,0.44793166441849064,44.819604283068365,6.0,24.959707424524147,0.4660304718236317,0
1.6529138420263156,0.34614626038582025,0.21950288854294903,28.013617947135273,5.0,49.58713161515185,0.5513090864544147,0
1.0099143537067925,0.3771497403521675,0.27923913103774944,5.76448809287057,4.0,30.078552540912707,0.5536536035848902,0
1.167923230468141,0.42457915488971504,0.2411344621206456,41.975164478813646,9.0,25.28231021177748,0.605449561810292,0
2.0089832186048415,0.1061700788575629,0.024840640386565152,121.61540526352472,10.0,87.90066537826301,0.9719972071513949,0
0.6994492359075846,0.3320146595233805,0.2797529527584687,27.589694464201276,3.0,64.32345789611884,0.508046846583191,0
0.07352507751657407,0.7594475510697627,0.636785328034963,2.1570910829785666,10.0,95.24997814614508,0.051250277226343274,1
2.6593426306422865,0.05422757724701808,0.04942597768118626,113.57194881675728,10.0,83.80736657989452,0.9755374171022503,0
0.9983238241220905,0.4676380751172504,0.1651015296164594,14.18088307280966,9.0,28.851838346701957,0.48697198846464274,0
0.09017014196866202,0.9442319889556257,0.972287373255845,2.0789472109370024,8.0,95.60028209024429,0.06704584952986815,1
1.8759282945769207,0.13906849427926982,0.27744838625099866,41.2291981512231,7.0,74.77114695663363,0.7314246139886773,0
1.3675262181080758,0.5242101210798904,0.2435976459449644,39.3835695753796,5.0,27.05712279248388,0.5320903444440366,0
1.1515230878046046,0.32232546269180334,0.240518255257544,77.3642683538287,5.0,46.14424210533804,0.7626833557064854,0
0.5790671714636078,0.33087089226709077,0.4389752527102956,36.5278663354358,8.0,41.33641914168368,0.6027291273056624,0
2.1279841309722025,0.15158206374657213,0.082661148465793,175.4079215413075,9.0,64.47438665232875,0.8804796176923133,0
1.2311639095432017,0.5421003307186659,0.13972784245799375,35.43123603726552,7.0,31.873875208904856,0.5717292826743676,0
0.8599927947801294,0.37690540275715667,0.13668206495854518,47.52511515036098,8.0,24.08034875058095,0.6073321538708409,0
1.9332430629893287,0.27872922231622943,0.06723473793313868,69.50050940585481,6.0,72.87664913695922,0.5818007477559829,0
1.9440492943650387,0.07425052741765543,0.04048549644265338,209.20254519648591,13.0,82.03235456860989,0.801703381878508,0
1.5231972926558077,0.18507516091663206,0.2649625142163835,88.40934240365712,7.0,39.36217225929725,0.7585115163429754,0
0.7128727308481814,0.4945478428055766,0.31784522670875304,24.27246241361747,7.0,65.47431943606632,0.7021369041187457,0
1.3757257516664425,0.3874170519587851,0.2619873970950325,37.64099827817377,5.0,45.519645230335996,0.5975713487038312,0
2.1130040660500695,0.08630380073747093,0.06331491821447094,237.55079655312886,14.0,87.64728668799438,0.8478729948826659,0
1.0539020187348815,0.2557038527864118,0.4370837089869432,33.78707229955813,7.0,68.88168691201493,0.5958487779304662,0
1.6634899936350345,0.26008515528112097,0.24693817971649007,92.27070938749804,9.0,62.20243421720379,0.5702918663509193,0
2.744624865187367,0.10915965714789269,0.07604216851846175,160.33451716726572,11.0,72.47179788977782,0.9049298473449101,0
2.1670320420161184,0.08857030424638052,0.007179714236004587,216.46788253607664,13.0,86.25683696636384,0.7527541668460571,0
0.7514235315438149,0.23800438809308513,0.3287069425038973,31.77248036525626,5.0,41.9543616099834,0.5458795674007605,0
2.1168047655733386,0.13347937761975948,0.0456745598353999,208.0882917041781,11.0,60.045500212247546,0.9035497008858998,0
1.6171625896205457,0.005966954019939497,0.034647865540718095,83.23580512897271,12.0,80.3814162297804,0.927022808920897,0
1.007186393048438,0.3859078867071893,0.17524871984701554,37.53378742603749,7.0,34.144976949080345,0.6519283744750841,0
1.5069281982649914,0.007708399864687143,0.0680418805669922,175.65356235142863,8.0,81.02109864278349,0.9630363342672954,0
0.8480447995152358,0.3527713080346133,0.4189384223547331,22.112159499353332,6.0,66.15302985373545,0.4719729485749533,0
1.9134058616998602,0.25025013773391946,0.13932724571929372,58.21855473352028,9.0,61.32129241536452,0.6780795579299009,0
1.897067565929306,0.18265703674039516,0.014005540468949064,195.21046445725983,14.0,63.23397359454758,0.8190518408641415,0
1.4232787555755233,0.25870588325413213,0.5440636050242585,24.4612546013526,5.0,60.28898562269468,0.4709641090445316,0
1.4157427759442216,0.44347035064556295,0.4507238864658293,9.458953995112989,6.0,78.89636509320451,0.6859758797305097,0
0.15840027124414763,0.9840103098112962,0.9303686296437501,0.0,5.0,96.61146868760285,0.04935200714665847,1
0.6622477999784903,0.385305042994184,0.25485231201972036,17.977085497125916,4.0,72.95458292733603,0.478325864734244,0
0.0865631765794704,0.9273740378443347,0.912824276332629,2.8902839068886728,8.0,90.67127829372724,0.031167079988599744,1
1.2437761832661045,0.39967335462062636,0.27579726913312624,35.793892333002695,8.0,15.841766648564493,0.5504622736299685,0
0.967714325765167,0.4790472566371289,0.5038974807920393,8.053963568917583,3.0,42.47719027804692,0.6283522408746152,0
1.6469818837854882,0.17253479815265446,0.46489934688524104,32.64582724957488,3.0,60.04380302392451,0.4635016162194333,0
2.328379680516014,0.04234822055522498,0.08194507555446373,164.76200652666148,9.0,78.90552347571492,0.9876240674506765,0
0.7906097888752399,0.17595201278811565,0.5102830129672153,8.966280109726068,3.0,66.05271843832445,0.7043146662286028,0
0.8772187786099153,0.18755754914197154,0.09402435731709803,74.65662011927589,6.0,47.11019432982609,0.649864787624214,0
1.666316284571146,0.2857485757595365,0.4958156696218469,21.66839060394744,4.0,30.380735211128346,0.5066210138709646,0
2.042398544358994,0.07830136833688628,0.008975323525119528,93.16413449427449,11.0,82.29544453553092,0.8615182232300566,0
1.2849854427359313,0.23412162238957251,0.16488678781543759,97.15107728641449,9.0,63.27356695384113,0.8487009401876185,0
2.679096457915431,0.025622726535109178,0.04503859378955671,143.0356641195388,8.0,87.43677460970106,0.9109662800201661,0
2.1826767636176436,0.10321756025142248,0.031256994902858395,88.66328203773062,13.0,68.45765322964749,0.7651321127066341,0
1.838824442425424,0.1353578220064657,0.14152641555411233,28.650059113062625,6.0,74.58633986686975,0.6980414524919154,0
0.05313467780252971,0.9438000159788471,0.9379755567564529,0.0,3.0,96.04346471197347,0.05414778448147939,1
1.3113809515227648,0.4981703379622532,0.16944729636653955,38.577438137891534,6.0,40.18105122162106,0.4787617646946991,0
1.1970118812629973,0.21159020487360647,0.41513796070812575,13.872740189731676,3.0,68.32785967549489,0.455270971404596,0
1.363334569160547,0.1752572821230527,0.5391471069853762,31.78348668676162,7.0,45.469445822543676,0.6594165685158275,0
0.002959687754912168,0.8578457538696412,0.9713930734259253,2.8159884538187394,4.0,88.05055266296975,0.05808390369193854,1
1.0767247419468804,0.3642673539412039,0.24361250790553335,9.87599564650717,6.0,38.559230823053724,0.653129615707445,0
1.0890212112691204,0.26387907053956466,0.5030402506363721,25.35936806589654,5.0,58.91542259593367,0.5973688653710072,0
0.6120875337808785,0.2807044614867802,0.4171317222713862,10.389596804447848,3.0,56.65970019520805,0.6668315903890436,0
0.9477098042528872,0.5104203388145125,0.12130190412199544,30.683383868110454,7.0,34.156473427619545,0.6270256783385142,0
1.346055217289792,0.34855041695816,0.4340792249296778,25.13169113380388,4.0,47.32646042133696,0.5399300765207337,0
2.3354005818201755,0.18614223624112936,0.003622233104530359,185.6479291053305,10.0,71.0207315327527,0.7550652820510348,0
0.8849896606827047,0.19292499667326427,0.4262572856351248,15.37613069706606,4.0,73.29988867509881,0.67449537927107,0
0.6190612873822992,0.5368954546445548,0.29229332196904856,13.398543834359984,6.0,22.84820218977296,0.47824322131308133,0
0.731058197533429,0.3917359535650837,0.24876384079164504,9.389130834094441,6.0,41.51500983795496,0.6752732112589568,0
0.8813899573680796,0.5016069339638256,0.34084396458366595,48.99690308169216,9.0,28.750070314994325,0.6894032493817182,0
0.05455698144964595,0.9144145116745431,0.9202980790538435,0.6684677864314446,4.0,95.57793348550614,0.05760247781371369,1
1.6493919648221307,0.4270504060852792,0.35114840658870394,8.559092045763489,7.0,48.66823899904764,0.7302254143139166,0
0.7636130436932248,0.3901745080126565,0.35077971930203494,33.03837531066927,5.0,78.25485843094492,0.6802922566049853,0
1.0327409884641778,0.19109591087294459,0.27257119957675247,5.736841847303976,3.0,34.65385806762814,0.5298900353173635,0
1.4244262231585614,0.29950987531800466,0.11464746776227379,86.48039052117699,7.0,35.12244419456372,0.7359032086407153,0
1.4594975708631654,0.4416781718325017,0.47598170526161765,22.881016381682322,4.0,36.997424324372126,0.6406365777697095,0
1.1900087426655521,0.47768355744660573,0.2888761179904714,11.171435965722775,5.0,46.26808330855686,0.5876515646245323,0
1.5502304443221626,0.17653812354984388,0.4532638772345689,28.128250464179565,7.0,60.11535367143422,0.623301240046837,0
0.760100604501825,0.2777211490252859,0.5051922316617465,17.564285486319147,5.0,66.95661222932074,0.5146753414877816,0
1.8987141199125985,0.10081278131291019,0.00907017660899686,152.02137049360286,8.0,87.55369317375434,0.8756032484077346,0
1.3392247292397585,0.12837123327542796,0.19188757163704795,38.914314222393045,5.0,37.84675290191575,0.842768377684397,0
0.938950955535245,0.1974746190365518,0.43736692626626483,19.094204534581678,6.0,56.026489206896045,0.46783439463180587,0
0.6621068068653482,0.30322434339979853,0.2035598366985038,7.1300753231115035,6.0,59.76633778471865,0.6673415499219082,0
1.967907188117181,0.316034669205133,0.12591128363453336,75.63780372857869,11.0,53.68073429652798,0.6469384618436413,0
1.3265797947401032,0.47906656673865844,0.3620032670888088,19.801078176848865,9.0,16.116402295296012,0.5159729785831947,0
1.084587991168422,0.36381144163933726,0.3397277529932461,42.77781279258056,6.0,29.009399325200732,0.620056476332799,0
0.9887404993364373,0.480097917605315,0.18081535679398203,23.897277052522472,8.0,18.846587907693497,0.5792725782800919,0
1.5790508318983045,0.24349605203812213,0.0890603099401606,58.802008290054,6.0,49.77884184725011,0.63226072068802,0
1.898391833227954,0.22964514808783837,0.1304055845548115,87.08055023950153,11.0,55.01262457677882,0.7803572126901434,0
1.2087661482198349,0.36210768020296774,0.4260957932190431,24.976478972868467,4.0,36.178979663272386,0.5580243839622869,0
0.9770321472670522,0.332068401771731,0.3681295054754405,26.499290952375343,5.0,66.45353607065204,0.5104558739816234,0
1.2265267668357018,0.49032303652899556,0.36450613287872063,32.43278466897901,6.0,35.37716504374697,0.5190458685827821,0
1.4465548880182548,0.5183265836559636,0.14440314123064313,47.38369157003808,5.0,26.667682843498085,0.5191418339198796,0
0.06086364911217857,0.6362135874046011,0.7328417327660448,2.338551624345117,5.0,85.59978331091574,0.14223131512660067,1
1.0205608741892762,0.4722410420434865,0.40997754056749747,34.20438548398024,5.0,45.49735791720546,0.46442207784616346,0
1.3269995453696561,0.4316442396766852,0.28408819782134764,12.521042874606087,4.0,76.99399104271527,0.5395319927276291,0
1.1206443836603373,0.42168194987445695,0.25095651589199097,19.08563173765986,5.0,33.737155444609414,0.46583687013086394,0
1.4473424044566388,0.4661009899146251,0.28026872685449794,28.59093786628425,4.0,58.652278826404796,0.5426038828958004,0
1.066645368838893,0.35484417208986163,0.3055511009887301,26.07992013244713,4.0,35.07206355293213,0.4714924629283992,0
0.7801055309714258,0.3383443607766401,0.17437346182770702,40.84102874308407,5.0,15.827509147928225,0.6365573451406347,0
0.05227923751584672,0.7990097046546274,0.8381262320942924,3.3636925608854407,5.0,97.48245714618223,0.13044138745282743,1
0.09274242267429626,0.9780974273703168,0.9544395749764965,0.0,7.0,99.78343419159019,0.04610483398493023,1
1.1985895139184728,0.4408679586394322,0.4849761810809548,30.447960795499437,6.0,64.8936463933851,0.6091667421554513,0
1.6724044574659827,0.1711495674908557,0.33689574357709734,6.620146351294691,4.0,75.71947512503009,0.6254396865738694,0
0.948980015492814,0.18295315631442616,0.22910829393897625,71.92620926952813,10.0,68.4884085944662,0.5640571068001465,0
1.803062021063771,0.16994894716782905,0.1797851960402852,33.810976443290826,5.0,70.38440010601121,0.6025014886869515,0
1.4689124835222855,0.5879596072491687,0.38725752524874313,33.273873676498376,7.0,21.231690334014402,0.5437055371941768,0
1.6139803092722556,0.3810152198920999,0.46471326728301265,8.845720992645322,5.0,68.29573970515874,0.5123246825136285,0
1.5230681186308423,0.27363319782159534,0.1413758245553393,36.98038507170319,10.0,73.57130594816432,0.7365434153359411,0
0.9657256854424985,0.15921515078182202,0.05745802700324627,48.10952215272013,9.0,71.07818760727176,0.7994086377649084,0
1.4138373639651771,0.2126843969545718,0.23782803615078574,59.845194039477725,7.0,48.75263875697485,0.6284964746898832,0
1.1233599249634025,0.45427851890508597,0.37547618802467153,35.66719299870415,7.0,36.05024865927855,0.644579711291594,0
1.1555551123888659,0.3692581983853578,0.17308662699990007,46.802751643057704,5.0,46.280760233534586,0.4330675614537476,0
1.3105971949109718,0.376703007252952,0.4137770490380658,5.50016204865019,4.0,38.27860009729302,0.47938544588939686,0
0.5317171528108877,0.427136829128704,0.2429239683967655,17.44122627845899,8.0,23.656314573891862,0.5752418741327535,0
1.4190786754933056,0.16292766043735807,0.17649387597778315,32.5608533351335,10.0,40.35908876916031,0.7033518887502169,0
1.437311303971324,0.5871121361197731,0.24895749886296273,19.101743419551354,7.0,36.30148085598673,0.5884578777784709,0
1.950888005695983,0.2768167985488352,0.2969847322281062,97.84459872016512,8.0,65.2148616490123,0.7328288105490902,0
1.4420677336713594,0.3764130687165435,0.19842468775743763,34.66275972688391,5.0,40.46449683241097,0.5132408449279472,0
0.6283936242411173,0.43331472220055367,0.5252041888029205,26.311067409789032,5.0,62.85092646643164,0.6456666139852782,0
1.1257273010772515,0.29379782996467985,0.21555323206467547,33.64530758543087,9.0,44.51456145754479,0.6827582762719857,0
0.09240394593481939,0.8730192570063539,0.7955149652905987,3.4712039174655946,8.0,94.06638098360587,0.0778652982009792,1
1.0707701888490055,0.18548127894007152,0.5269144171976449,24.568761338926276,5.0,69.40287311902304,0.5605217785715829,0
1.6820965331142406,0.2779292799804491,0.26460862126829565,38.78440523920813,7.0,58.94113956173065,0.6561575917970002,0
0.7267067290644016,0.37785695073872716,0.2421516242843822,7.316672672560035,7.0,64.64502025579691,0.7004356295772116,0
1.6858046622963316,0.008189392057143951,0.07773431275291787,163.24895610887398,13.0,89.4939059323224,0.8662433640484133,0
1.1772546436783458,0.31813907217760945,0.40829628578370036,32.335361243051835,5.0,24.20199252450955,0.43661433992603627,0
1.0552096481120368,0.327086418885399,0.2725036685399804,75.9588124971956,7.0,44.61894216380952,0.6759431683167357,0
1.351934770291829,0.4721943191832807,0.24504485184870864,42.1026275277163,9.0,42.426603958757056,0.4983891506217391,0
1.6448387277430554,0.20282018815520658,0.1505422747865805,38.419358924233734,11.0,66.47265166828049,0.8226919016649652,0
0.8565498999146869,0.27772192068237245,0.12172345595807847,73.8778997839831,9.0,60.08503901248492,0.6180524453896697,0
1.3217915561579678,0.20011309772940458,0.2676407553900281,25.496184086843886,7.0,58.81421603493766,0.6203439436678635,0
0.9509418203780443,0.4009968431604747,0.20898544020756987,9.261266447539313,5.0,36.17211769002207,0.46448755523112006,0
1.114376404185362,0.32523161620140095,0.27007220608252247,18.730567386764406,3.0,70.04776211093994,0.4989145603473988,0
0.9589416777730453,0.12854610101613004,0.24298053398365999,71.90980665796928,8.0,55.7750446876551,0.8221785372546484,0
1.7785939190856164,0.4685561860936065,0.3105344702406295,25.74750236991741,3.0,45.32770437392042,0.7164633563788871,0
1.0258652309625131,0.4366389900519426,0.3421725164608461,8.706697754522832,6.0,42.20874559506697,0.6729931319551354,0
2.0616959046734067,0.020221233187116994,0.08109629022399219,161.8998037315692,9.0,89.37505037112456,0.901802857623518,0
1.9794983514406304,0.058792094184914205,0.0543309176235957,164.87764368560516,8.0,88.25006197009728,0.8213052713734669,0
1.9274300479756135,0.13141332670937422,0.1537768566671237,73.66352004952081,7.0,49.654886196379614,0.7738845438206043,0
1.0435037396738402,0.3279678956667549,0.24986644560673815,34.99458583232732,10.0,51.741231081466125,0.554618996488171,0
2.754299626436663,0.015348085311939453,0.01946282116049223,80.66200488479254,8.0,70.58398469376142,0.8335898066793481,0
1.8968056465411611,0.3276660105625109,0.10598359792307492,48.30552008323427,10.0,47.28804534529253,0.6498416116367801,0
0.9550135569370535,0.3313980046206886,0.3162852450784638,28.241037764667,4.0,41.32418282470006,0.7322503500139175,0
0.912943530232906,0.33768335083878326,0.4431501193767914,25.820783425867486,9.0,33.67636816737667,0.4681263343878314,0
1.0937862269331757,0.5473452813717985,0.17794185663575024,22.8179963215701,4.0,46.00912895824402,0.5673858948066113,0
1.0067122138124591,0.44190245185543264,0.347676605533877,20.82187862193358,7.0,58.14983899258081,0.5139364541350117,0
1.1540721083767664,0.2972633199017866,0.18888961688665346,70.88202658363745,8.0,61.15948799004468,0.8196450677010754,0
0.1691679104649706,0.9471373538612538,0.9632206315651314,0.0,4.0,98.86570845738872,0.05326892806988447,1
1.3921809893158605,0.26295388026439354,0.07183495376794587,58.076396792820134,5.0,44.36902704844246,0.6616235234548077,0
0.7060089838675646,0.4123760175350729,0.2074558141697142,11.688900034587387,5.0,74.90741858099076,0.4515891245104717,0
1.1400726695930785,0.3531801232850844,0.11302211338170379,41.25090209744727,4.0,18.190933743646333,0.6812686962719785,0
1.2821120652660614,0.32903849259335194,0.2719454421190923,12.743247824191261,3.0,30.46421927117516,0.575209034874071,0
1.8814177030983354,0.2417322967573867,0.09844815319310317,50.857464547446575,10.0,58.614768287362644,0.7019833419279561,0
0.8490439877260092,0.17867196582229805,0.26947844414700173,93.39907356786108,6.0,39.38541383074202,0.6874175624855294,0
2.5698872944675473,0.15474413655032526,0.0865456548055663,205.7033496410067,10.0,56.713729843814775,0.8086337876103247,0
0.9651617421588433,0.10111225620221576,0.09824361044196096,42.69191906365306,11.0,71.6175340210886,0.6717833192463909,0
1.1506433496617632,0.3367222611731381,0.31677501160049554,12.551018338068562,4.0,37.01033338356084,0.661843300892376,0
1.3371570664910015,0.15762878878354025,0.4859540717714785,27.902796054863654,5.0,45.41118727841565,0.6406129951896918,0
1.7975744449222921,0.1433245513454626,0.07599850114961526,177.7277371447148,10.0,65.18676233577276,0.9704043053107159,0
1.3724994394968517,0.1846739083551876,0.10701985198910412,39.15841733977491,11.0,73.0616877260113,0.5920539226609995,0
1.0763891401654528,0.4187977774141108,0.13356435068029437,31.72337874191215,9.0,33.82462439079955,0.4519591259899585,0
1.0284498945026352,0.40635379685350703,0.28116248325661053,9.823642529842866,6.0,34.72175805446211,0.6042898797564075,0
0.9258665581754266,0.43599581069340204,0.10195980360248423,40.72863072751298,9.0,49.883346334970604,0.5586072610306267,0
1.9063055849291477,0.22823861262782516,0.20589378692567112,51.81161315485906,6.0,46.04984564135646,0.7009531510696639,0
1.8218084588402155,0.11253448211497147,0.07555395424734274,123.76180159871313,11.0,87.46267008687673,0.8993486322684602,0
1.5347101418729197,0.19584492674145593,0.03771446803556808,202.28313072744,14.0,68.81204608525287,0.8297831221499166,0
0.7574698932285242,0.5921273303305941,0.24025200264168278,14.817718096180421,8.0,16.957039643111955,0.5908515799256113,0
1.7192598662890475,0.16493283809126827,0.031033467392407445,104.45822860509425,14.0,60.79361029573474,0.8211800205844839,0
0.756616745938542,0.4528495815413324,0.13906561633525452,49.38242877592247,4.0,19.388465867448435,0.5235777779925634,0
2.4569051163699673,0.1712458007593215,0.06310654428718875,139.10451792210355,11.0,78.51489660149235,0.9901467406266562,0
0.610420318156644,0.2096384401322962,0.36486639821566447,30.516211623844352,6.0,78.2558430813992,0.6284605844038205,0
0.6063121479404796,0.22549883452642364,0.30375316880713565,33.36183518753349,4.0,48.217593999907066,0.5712936346841015,0
1.6517900501299985,0.054631308145104,0.052739978065813126,228.40782661829022,11.0,58.16428274651641,0.8980687376111011,0
2.978431652268012,0.1970093393441742,0.09061068107651817,215.7362186207698,14.0,66.22975259235156,0.8868207103012187,0
2.9863087170033067,0.0024281801844087125,0.05564860905107941,167.08913725984078,14.0,67.43485388434719,0.8525853397247604,0
1.1468567106230254,0.3435100841703225,0.496708826008495,33.939806948023985,4.0,66.93151910599234,0.5356123431869878,0
2.009575581243115,0.049965217561944414,0.05275448744971828,143.797283747894,11.0,88.9476159067433,0.7932318269417329,0
1.0835210927339964,0.1708264597967064,0.15600427453924198,45.82734478474069,11.0,50.63842455713224,0.7311593682815032,0
1.6771946525209258,0.3403616646701002,0.4888037118191874,24.665328822148812,7.0,64.64658742789013,0.7262891707007479,0
0.7211614192073046,0.504922980347334,0.4218362226748489,20.56384182418865,7.0,44.89842538178205,0.6680127447651256,0
0.9066371380600168,0.3511610178352364,0.10431765755722204,19.480418746575808,4.0,28.18689649538573,0.6430629567098036,0
1.6154352512973298,0.1527823895053928,0.4555572257193761,34.645763629915585,5.0,54.10098833531178,0.5613721589824304,0
1.0280730639297575,0.11540599959440301,0.1622015959430544,40.18640089334096,9.0,62.97083236055752,0.6570078398966264,0
0.660728943177693,0.30649586250961103,0.431471924662,49.99903485754316,5.0,18.784485731305566,0.6696836380997948,0
0.5477795504749213,0.4795531904044753,0.37192266587864853,9.51454333084898,4.0,42.42562448379318,0.6119163639434526,0
1.1440926811750614,0.3165689433539931,0.2805973934989076,66.76243122780855,8.0,62.409897284228805,0.7146934199588381,0
0.07207450541869473,0.9413304426773997,0.8935666410939287,2.7916122293752297,4.0,91.65906640687375,0.03156130372554051,1
1.7145328127499524,0.15535358813844372,0.01982042272128979,234.8084986122505,10.0,56.265694867314366,0.7513574585321752,0
1.664471140364975,0.3751110271864059,0.5134692500022096,34.97159054410698,5.0,66.16448471739255,0.6119875897801517,0
2.544480562616604,0.08923125511480615,0.03810212260964825,131.257055155139,12.0,67.66344136936867,0.7719124798290252,0
1.4919294092179922,0.35216176201964744,0.4273720433655447,24.865980059738465,6.0,33.50106592914926,0.47960996483007395,0
0.8493216752360554,0.4960444068335732,0.19810165105889954,32.971885614912956,7.0,42.68503801565741,0.5260373508967369,0
0.9851644624672213,0.3329486548882458,0.2403769369549742,94.20543218688755,10.0,60.975704684309626,0.8284715944336496,0
1.8326069814556485,0.1468033119577446,0.08274408525087473,180.88756634029545,12.0,75.69769134130985,0.8346478608027035,0
1.9721244278465715,0.11281902740944459,0.06766523825096377,91.23346585629713,10.0,55.03736127579615,0.8030692847101857,0
0.9904982962337159,0.13976793870687557,0.17158960581665472,43.277256567454515,6.0,44.42631822276134,0.5527716764255538,0
1.7840452375092808,0.05720946036807906,0.0964373194891479,96.02862909296118,12.0,79.77453630405067,0.957504794789757,0
1.1827635110991706,0.33235635126154683,0.13279456124053313,87.620830948971,10.0,70.83614071903537,0.695000503964841,0
1.2968917388407886,0.5514935256321625,0.35723008450668936,24.438175225664022,9.0,40.97174136623222,0.6229454330215157,0
1.8071642864813044,0.11440586788676416,0.2040218104852931,82.92005524055938,11.0,74.32021996304753,0.7558142513942645,0
2.345793605206971,0.1442081109333451,0.005884853733243179,181.6355256450546,9.0,83.5565425412083,0.7668818286045134,0
0.8761607859513709,0.349405838594486,0.3416658803199537,6.648811644256113,7.0,30.784376364165198,0.7195450907236429,0
1.592141160658437,0.1355707446391481,0.077841243196647,34.92889684407628,7.0,38.10206697045865,0.8123906235528819,0
1.6591333186129655,0.2571431531328855,0.4196362018154814,32.69940662904993,5.0,70.03642796527016,0.6394550249535382,0
2.399140212869903,0.19062967598250516,0.04940636036617771,131.04622506422953,9.0,71.70315184915287,0.8399165734166527,0
0.6956586952409252,0.20458108707327985,0.23204552664615988,31.616357930680337,6.0,48.83508341801173,0.6070045815407358,0
1.2321590995007252,0.3316814372603701,0.40309793675858363,17.28680915586002,7.0,15.353732555094048,0.6145615012966439,0
0.8493580457446336,0.3749378425815041,0.3600017772972466,47.86346697521759,5.0,31.06932659722416,0.402581486670155,0
0.678580077593266,0.46435466726359576,0.3052667518481863,22.910600985414504,3.0,62.43791878137658,0.5077408107810082,0
1.4081051737548742,0.4498930427378989,0.4869186560165833,17.76897329891544,7.0,32.40464201730579,0.7293508268921247,0
1.8719204874913271,0.1828040126562624,0.07972621922722276,244.8649303176223,10.0,58.526653239248056,0.8980446858764174,0
0.19691486270296443,0.8526537892611705,0.7044046503371184,5.413896540661205,4.0,90.76389800748326,0.1960621521926859,1
1.1147493928625778,0.12313973468458322,0.18850487551767764,71.00194273062759,9.0,64.03846291595279,0.6506337777847784,0
0.09159821527146536,0.9126401199965883,0.8406393468574335,1.8351962441842216,7.0,96.65669725477913,0.039270569746923265,1
2.174298361685281,0.12808784242072827,0.02015349753923832,230.96997815252786,13.0,83.41133299267428,0.8373909028630084,0
1.453966717146887,0.5598725759272695,0.24053202893809666,33.50272478550181,9.0,49.711954698844636,0.5705312234127156,0
2.503421488487369,0.010515198064611077,0.09455198910219065,146.72240482504043,13.0,87.33651401909005,0.8947443811875606,0
2.6672271338160183,0.17212608027922605,0.024668037722614736,193.5343570041577,8.0,59.527698121039606,0.8187881314004284,0
0.9610292974404548,0.2985232213341667,0.36559551608198765,13.74417284200214,7.0,69.52252115725142,0.516973243345517,0
1.5660079565715954,0.15235820913156506,0.10640949640758977,83.43538865077079,9.0,46.43699795347771,0.5714761906455749,0
1.8488283936645953,0.1332104598538297,0.03512229274612984,230.72974488172963,8.0,83.67407849459953,0.8732094500171955,0
1.7762318594966473,0.14009920126402015,0.21514591887613788,81.62697831254339,6.0,57.15048377060904,0.7227631775607649,0
1.7480153295881804,0.46210980581127215,0.31232451282778595,5.605532558211184,7.0,51.9208788433194,0.6748699987758395,0
1.0347273682247806,0.20046824339286995,0.4816474850014689,6.7895039558825045,7.0,50.242641946748314,0.6957944005534931,0
1.1475542715724911,0.3843324019566826,0.35452778423595394,24.142942343596296,6.0,53.74118184814736,0.6829990882013679,0
1.4019166628522042,0.46404506048153127,0.19976854053649612,44.87292945630158,7.0,16.905414958804272,0.4942230751988715,0
1.2150206333129483,0.2976683979111524,0.2695786827234645,49.152556114828904,7.0,57.860632053811045,0.6334486851676804,0
1.7820550508222617,0.41111701898471054,0.41283852513230596,27.6266249878173,5.0,62.95458364854923,0.5892198089705725,0
1.2024495731867846,0.5381648058765486,0.23511173676675198,8.995075563285072,8.0,43.63889086288526,0.4618281718991322,0
1.3495852569643016,0.3765230284026997,0.35047023252157117,41.861264392542864,5.0,31.69487810422154,0.45768519284268233,0
0.6297219856874944,0.20606212208336253,0.5159128383245812,34.92629444666261,4.0,54.37952389140465,0.5986110219065275,0
0.16454884702448966,0.9598809252094116,0.9025929696759146,0.0,7.0,97.93288744987072,0.08048196627600855,1
1.2589286352293558,0.45419534528032846,0.41175263617274077,20.2367006717387,4.0,36.15075133305866,0.6609627597880277,0
0.6154858736229489,0.5919181960552357,0.42281660541035704,21.653912849408105,6.0,30.274570279151312,0.6069820088836217,0
2.948123930222603,0.19271598244443075,0.08556421217024035,111.89357977005571,13.0,75.7995443005553,0.9695368561638844,0
2.2328760680273,0.13257284255271648,0.095562325704697,128.69585856994934,14.0,55.87008219851897,0.8887995105817061,0
1.8614179848400096,0.2907475673332588,0.11018573838104849,36.30581247070702,6.0,47.6493084074494,0.6693851698810824,0
1.1071268982568925,0.3498522313469178,0.22967241787613113,28.5522829974466,11.0,36.020062558407915,0.7298856698538607,0
1.3029591067027595,0.3090809740537498,0.47017389945157007,21.667281926088442,7.0,43.97114224852154,0.6763178759163564,0
1.2336439770148386,0.49348016857518207,0.3282421480096727,33.29062053687349,4.0,61.65478163723999,0.5203254905827441,0
0.2808610712845517,0.7269682655296469,0.7650402512092223,2.156877158469868,6.0,78.59351672470379,0.14566328040728022,1
0.9466235043738881,0.46522581407187324,0.39623476912153716,15.81452885090124,4.0,35.54665662241119,0.49179309829245915,0
1.9613026086311791,0.11969543831154733,0.0007314456293015637,127.26375812213834,8.0,79.60617129946124,0.9084424432673157,0
0.7139218523075472,0.41622645890740784,0.3986295113546312,33.03034561752695,9.0,17.36437011064345,0.5418937255516202,0
1.1580487887981592,0.18321668765408522,0.21334107165075794,66.21008120049581,8.0,38.855739498801775,0.8121974767820639,0
1.053465193325558,0.13214712728130082,0.1449995986284729,68.18662038027627,11.0,59.43298201863879,0.6388764206137917,0
0.6750398880968118,0.356613539421343,0.415514639927256,40.92353182225544,5.0,27.05671962220031,0.6842930618442882,0
1.094941611798708,0.3497228871886058,0.10741308405989526,87.29761202371427,11.0,74.2097850110379,0.6176570374849255,0
1.5237083331602008,0.09544012665658493,0.049431453353461774,149.2516059367053,13.0,74.88585729519775,0.8880406758261068,0
1.6350717911634627,0.14447187011929005,0.04618772302513874,107.41620243571231,13.0,72.53656712861772,0.7880780256782921,0
1.7201148498114787,0.06725716608547234,0.09876474477564617,82.75917757822015,8.0,70.83777760335344,0.960663655429549,0
0.9720200842514463,0.3025728353028386,0.22621836699302972,64.7758763208139,5.0,61.73977161297402,0.7938716043087283,0
1.71874845110352,0.045339730382942145,0.054861405932220754,116.57230707330665,8.0,60.71223396512255,0.8908290604244906,0
0.5251532756280124,0.5646648049204785,0.3258485347163771,40.04904580068221,9.0,42.44056003349178,0.5261379328752329,0
2.0011669004381334,0.048841000153177654,0.09126718352555362,237.05866491474606,10.0,89.23715507675965,0.9362478814449221,0
1.6223782909030908,0.12767372082637363,0.07655436209410883,80.495767238636,7.0,67.39076716191818,0.7888446275943483,0
1.755889452805329,0.18502402367535944,0.0581061139700395,138.96786677092229,12.0,55.79813548603941,0.9896398033103613,0
0.9228347016204861,0.15126264963079583,0.2515578721807454,32.93608957635121,5.0,64.84725202460503,0.7753243481448613,0
0.9856079698676492,0.18634806745176272,0.28410683148522636,7.218227872015256,7.0,42.51256103617345,0.7158138133334628,0
1.4261091186228185,0.4059681423753172,0.2785201895261893,31.0550048588523,5.0,32.832510964991016,0.5822300126104282,0
1.2323954332549851,0.35646761156889983,0.25532670071776653,30.366265425767196,7.0,48.755879877758765,0.6544826644012874,0
1.1992221670421621,0.22172193038882312,0.5071957952310868,13.741395749007625,3.0,43.63867908961394,0.6802367331267154,0
1.2610496038453916,0.136634743140083,0.18818776101811746,79.70128337141048,5.0,49.18622304225458,0.5990249732620789,0
1.4253921955791762,0.4560147935982265,0.33394767071597264,23.66076980473379,7.0,17.069911270203917,0.6873917324025487,0
1.7175336542496438,0.36146070616920145,0.5253414005002959,14.303600609103587,4.0,68.60125799486299,0.7427098808208766,0
0.1242923639257268,0.944103232848532,0.8904865217796064,0.0,5.0,97.95780733531568,0.04557390520550903,1
1.0437794902008763,0.17941380520130185,0.07073405571704326,36.889752183959374,11.0,70.17867422359505,0.5671872240166858,0
0.07159274255324534,0.6473796609257451,0.6136676088403041,1.9615021397470218,8.0,89.68846558127288,0.05868977867724397,1
1.7894030812302488,0.20522792486765384,0.1536885560404937,49.53781438569293,6.0,41.99667811082875,0.5953923464425633,0
0.7159791490794628,0.4695148338756393,0.15107749037359525,29.409465279380363,5.0,18.970102897809983,0.5456627226565413,0
1.58923003827501,0.04303565492574371,0.058577132515472245,113.23270662894069,11.0,78.78344532231353,0.8035230723341801,0
1.4560117280651679,0.35277129810395513,0.34856769600092646,34.793350881610394,5.0,50.657201109389206,0.7208583112014353,0
0.6509197553293914,0.5141427642607952,0.4055608198592683,46.034891268196155,6.0,45.82810283132228,0.5355351407313979,0
1.2266228223622957,0.16871926915625474,0.29500316123623976,43.918808914126274,5.0,64.02833582950973,0.6351274287417802,0
1.564178455549981,0.42746278987344655,0.43268026793023173,31.82697749685397,4.0,71.90126267977094,0.4899738024653821,0
1.4503563178621688,0.25896585944311806,0.5495359098210248,26.95302989222019,6.0,59.52057537042564,0.7101353337646644,0
0.876767050889928,0.28436511129795383,0.07544649718725437,31.416823076379487,10.0,35.49862639351528,0.6802106847268948,0
0.623886203033827,0.34983036382113053,0.31906939087788566,12.31316438632699,8.0,46.04579066954342,0.6779763172535107,0
0.9366887057828266,0.2648285489791132,0.24522974775769496,82.07147346377528,8.0,43.210394018608085,0.6860842535363866,0
1.4873964497259524,0.2984051365522924,0.4040841640662543,34.6211449257225,7.0,58.64888468996254,0.6332881240687928,0
1.9192952912089496,0.161779822092255,0.21556720095782161,36.71239176536989,10.0,70.1695287559991,0.5944099660307686,0
1.355656168103097,0.25755887374324704,0.05581511003044194,45.903263541725494,5.0,55.21590618237545,0.8158654940168212,0
1.868813380507588,0.14596304926057332,0.07545731382181348,96.62395956572533,10.0,62.019686496254394,0.7963438182006214,0
2.2234551554143502,0.15654704545005727,0.008272999992243858,162.73191624248727,12.0,72.17474480240823,0.9844566137437457,0
0.826633132428422,0.30342873156946476,0.1123646056477817,41.29017736353238,4.0,32.139705973770255,0.44491661478893807,0
1.5995292056558716,0.04825869033790604,0.006070718460191172,173.31089013111642,9.0,60.61183437300038,0.9026018298583683,0
0.8177714425395031,0.5490755727051869,0.13898478739997328,32.26108775615183,9.0,33.488421942223056,0.5657637660850956,0
2.864694934099851,0.05900384174247908,0.05688338053843191,129.27179935441356,10.0,76.76517107290192,0.9025838471975449,0
0.5313916199198976,0.5538151491535448,0.11131510304569146,39.49929121149941,8.0,28.369599564950335,0.579606343151395,0
1.4584248037464675,0.39151944493841745,0.22564041482408284,34.19245155982379,7.0,48.08079311109071,0.5988064717309816,0
2.7437257355186255,0.05543962804210796,0.005332508493334065,239.8597401314907,8.0,87.79719537078955,0.8831038299282173,0
1.2860320718011735,0.27812032093996664,0.20673050392617226,38.81051400200569,10.0,39.30756489183445,0.6812835671965153,0
0.6050711114461256,0.44264389564148365,0.2700811378828353,23.907639924774067,5.0,58.85237393219598,0.5698899230221557,0
1.0541666276903152,0.1626491179118758,0.2889296024485942,25.945743788578234,5.0,48.019562256609824,0.4974896751869766,0
2.0085237863598904,0.13109187854400026,0.009402120216883037,241.47473458569675,8.0,81.19800634125833,0.9690668082564498,0
1.5382760606423505,0.15453729614025788,0.21573192514015466,82.51461402271099,6.0,41.66544572113898,0.5631574850253749,0
1.063827108134879,0.42769561217927976,0.19539420558407625,19.702106118652864,9.0,47.32870808965877,0.4227696522968072,0
1.5080609121882451,0.4730515228818878,0.5396372570085004,33.430224406260685,4.0,57.752879886113796,0.5975640223952611,0
2.834484632513096,0.07900144800811129,0.06825815982092204,105.39360658258563,10.0,61.24546166376408,0.7998854982248726,0
1.2158882988195951,0.4804774037325442,0.41101196317203514,17.138858673186043,6.0,57.555150073256414,0.7158435261053353,0
1.4340407844514664,0.13251161002121653,0.10248357827339867,77.20307210680699,10.0,45.28568148564784,0.817566460552545,0
0.9563109796052035,0.4979077435623356,0.407665515665423,28.039343572440472,4.0,33.59625189842802,0.535734219765386,0
1.4895803232289189,0.1942878130004471,0.4864810865890616,25.644434046228664,6.0,46.77989247175254,0.5900133767719431,0
2.6443545285592935,0.011621696344289468,0.03666083849326124,171.71966399448536,12.0,66.84597691540641,0.9611197183217967,0
0.9860240007918641,0.3756805784920748,0.20852511582440258,22.136572320011172,6.0,60.52216869120626,0.5386179851688333,0
2.8938633660092252,0.018868300527931092,0.0994269179163283,210.9154220870078,8.0,77.96803768367502,0.7585448527320651,0
1.4779985235617275,0.46488409116609325,0.3422643645253975,24.515519703242354,6.0,46.81059197833052,0.6109166701151587,0
1.2535864078366805,0.29747649543389687,0.06611435811372719,44.04183159417893,7.0,74.41458248672888,0.7618295747178281,0
1.9775986767426894,0.1598427044482982,0.06007339188626425,116.78046818831825,14.0,69.49091328262327,0.8294089085908904,0
1.5795806015407399,0.24286990552538207,0.280992889230397,26.745037409794122,4.0,70.82851975948614,0.4931050758476967,0
0.9530261142866416,0.5157758972123854,0.3653895237017013,43.54295626332329,6.0,26.44631922886834,0.6143026304483559,0
1.210084147845624,0.37591887845021443,0.4841737010201729,8.856866163938918,4.0,68.69197997056236,0.5437215514523653,0
0.729887484546397,0.4955565141486115,0.23970447049179341,8.284827174854808,9.0,48.443475394791726,0.6605324636616157,0
1.0368284012021476,0.4019443008129879,0.2668569893826003,19.101282597901324,5.0,16.28989485158981,0.4472939694736426,0
1.0001622862510788,0.4910928666376515,0.2030332517280574,11.7300236450013,5.0,48.010050758703045,0.6570467006130832,0
1.312075759492295,0.29778328083988703,0.19615330305395945,25.70767957207379,11.0,60.34415143767444,0.8245783754632212,0
1.4983096949576686,0.23825853359685248,0.4250817692120346,20.330187543871624,4.0,77.82013227387179,0.7214025143368546,0
0.8270197123445858,0.3142446233334688,0.1128980392135186,24.501043817106886,9.0,40.57479901905475,0.5047808256612325,0
